"tipo","modulo_o_parche","id","clasificacion","bloqueante_en_criterio","ejecucion_formal","evidencia_asociada","justificacion"
"ACC","12","ACC-CORE-001","CUBIERTO / LISTO PARA EJECUTAR","NO","NO EJECUTADO","supabase/migrations/20261006_model_data_v2_expand.sql; supabase/tests/phase0_baseline_reconcile.sql; supabase/tests/reconciliation_v2.sql","El esquema versionado usa identidad técnica y relaciones/estados gobernados; la reconciliación inspecciona integridad. Los tests disponibles no afirman por sí solos rechazo de cada estado inválido; el ACC sigue NO EJECUTADO."
"ACC","12","ACC-CORE-002","CUBIERTO / LISTO PARA EJECUTAR","SI","NO EJECUTADO","supabase/migrations/20261006_model_data_v2_expand.sql; supabase/tests/phase0_baseline_reconcile.sql; supabase/tests/reconciliation_v2.sql","El esquema versionado usa identidad técnica y relaciones/estados gobernados; la reconciliación inspecciona integridad. Los tests disponibles no afirman por sí solos rechazo de cada estado inválido; el ACC sigue NO EJECUTADO."
"ACC","12","ACC-CORE-003","CUBIERTO / LISTO PARA EJECUTAR","NO","NO EJECUTADO","supabase/migrations/20261006_model_data_v2_expand.sql; supabase/tests/phase0_baseline_reconcile.sql; supabase/tests/reconciliation_v2.sql","El esquema versionado usa identidad técnica y relaciones/estados gobernados; la reconciliación inspecciona integridad. Los tests disponibles no afirman por sí solos rechazo de cada estado inválido; el ACC sigue NO EJECUTADO."
"ACC","12","ACC-CORE-004","CUBIERTO / LISTO PARA EJECUTAR","NO","NO EJECUTADO","supabase/tests/tasks_history_v2.sql; supabase/tests/financial_fiscal_snapshot_v3.sql; supabase/tests/fiscal_policy_governance_v3.sql; supabase/tests/commercial_financial_flow_v3.sql","Pruebas existentes ejercitan historial de tareas y snapshots de cierre/políticas; respaldan transiciones históricas de esos dominios, no el PASS formal general."
"ACC","12","ACC-CORE-005","CUBIERTO / LISTO PARA EJECUTAR","SI","NO EJECUTADO","supabase/tests/financial_idempotency_contract_v3.sql; supabase/tests/commercial_financial_flow_v3.sql; supabase/tests/golden_commercial_v2.sql","Las pruebas repiten operaciones comerciales/financieras con la misma solicitud y verifican un único efecto lógico."
"ACC","12","ACC-CORE-006","CUBIERTO / LISTO PARA EJECUTAR","SI","NO EJECUTADO","supabase/tests/financial_fiscal_snapshot_v3.sql; supabase/tests/fiscal_policy_governance_v3.sql; supabase/tests/commission_policy_snapshot_v3.sql","Las pruebas cambian versiones fiscales/de comisión y verifican que el snapshot histórico conserve versión y tasa originales."
"ACC","12","ACC-CORE-007","CUBIERTO / LISTO PARA EJECUTAR","NO","NO EJECUTADO","supabase/tests/commission_policy_snapshot_v3.sql; supabase/tests/financial_fiscal_snapshot_v3.sql; supabase/tests/fiscal_policy_governance_v3.sql; supabase/tests/golden_financial_v2.sql; scripts/relaunch/finance-summary.test.cjs","Las pruebas conservan tasa/importe NULL cuando no hay política y validan importes explícitos; cubren esos casos concretos, no todo campo desconocido del sistema."
"ACC","12","ACC-CORE-008","CUBIERTO / LISTO PARA EJECUTAR","NO","NO EJECUTADO","supabase/tests/financial_operations_v2.sql; supabase/tests/financial_idempotency_contract_v3.sql","Operaciones financieras prueban estados reversados/anulados e idempotencia; el alcance queda limitado a las entidades probadas."
"ACC","12","ACC-SEC-001","STAGING","SI","NO EJECUTADO","supabase/tests/security_rls_v3.sql; supabase/tests/financial_rls_v2.sql; supabase/tests/financial_ai_boundary_v2.sql; supabase/tests/storage_portal_isolation_v3.sql","Las pruebas locales cubren RLS y la frontera financiera, pero el ACC exige flujo real de sesión/API/Portal y/o auditoría; debe ejecutarse en staging administrado, sin convertir la evidencia local en PASS."
"ACC","12","ACC-SEC-002","STAGING","SI","NO EJECUTADO","supabase/tests/security_rls_v3.sql; supabase/tests/financial_rls_v2.sql; supabase/tests/financial_ai_boundary_v2.sql; supabase/tests/storage_portal_isolation_v3.sql","Las pruebas locales cubren RLS y la frontera financiera, pero el ACC exige flujo real de sesión/API/Portal y/o auditoría; debe ejecutarse en staging administrado, sin convertir la evidencia local en PASS."
"ACC","12","ACC-SEC-003","STAGING","SI","NO EJECUTADO","supabase/tests/security_rls_v3.sql; supabase/tests/financial_rls_v2.sql; supabase/tests/financial_ai_boundary_v2.sql; supabase/tests/storage_portal_isolation_v3.sql","Las pruebas locales cubren RLS y la frontera financiera, pero el ACC exige flujo real de sesión/API/Portal y/o auditoría; debe ejecutarse en staging administrado, sin convertir la evidencia local en PASS."
"ACC","12","ACC-SEC-004","STAGING","NO","NO EJECUTADO","supabase/tests/security_rls_v3.sql; supabase/tests/financial_rls_v2.sql; supabase/tests/financial_ai_boundary_v2.sql; supabase/tests/storage_portal_isolation_v3.sql","Las pruebas locales cubren RLS y la frontera financiera, pero el ACC exige flujo real de sesión/API/Portal y/o auditoría; debe ejecutarse en staging administrado, sin convertir la evidencia local en PASS."
"ACC","12","ACC-SEC-005","STAGING","SI","NO EJECUTADO","supabase/tests/security_rls_v3.sql; supabase/tests/financial_rls_v2.sql; supabase/tests/financial_ai_boundary_v2.sql; supabase/tests/storage_portal_isolation_v3.sql","Las pruebas locales cubren RLS y la frontera financiera, pero el ACC exige flujo real de sesión/API/Portal y/o auditoría; debe ejecutarse en staging administrado, sin convertir la evidencia local en PASS."
"ACC","12","ACC-SEC-006","STAGING","SI","NO EJECUTADO","supabase/tests/security_rls_v3.sql; supabase/tests/financial_rls_v2.sql; supabase/tests/financial_ai_boundary_v2.sql; supabase/tests/storage_portal_isolation_v3.sql","Las pruebas locales cubren RLS y la frontera financiera, pero el ACC exige flujo real de sesión/API/Portal y/o auditoría; debe ejecutarse en staging administrado, sin convertir la evidencia local en PASS."
"ACC","12","ACC-SEC-007","STAGING","SI","NO EJECUTADO","supabase/tests/security_rls_v3.sql; supabase/tests/financial_rls_v2.sql; supabase/tests/financial_ai_boundary_v2.sql; supabase/tests/storage_portal_isolation_v3.sql","Las pruebas locales cubren RLS y la frontera financiera, pero el ACC exige flujo real de sesión/API/Portal y/o auditoría; debe ejecutarse en staging administrado, sin convertir la evidencia local en PASS."
"ACC","12","ACC-SEC-008","STAGING","SI","NO EJECUTADO","supabase/tests/security_rls_v3.sql; supabase/tests/financial_rls_v2.sql; supabase/tests/financial_ai_boundary_v2.sql; supabase/tests/storage_portal_isolation_v3.sql","Las pruebas locales cubren RLS y la frontera financiera, pero el ACC exige flujo real de sesión/API/Portal y/o auditoría; debe ejecutarse en staging administrado, sin convertir la evidencia local en PASS."
"ACC","12","ACC-SEC-009","STAGING","SI","NO EJECUTADO","supabase/tests/security_rls_v3.sql; supabase/tests/financial_rls_v2.sql; supabase/tests/financial_ai_boundary_v2.sql; supabase/tests/storage_portal_isolation_v3.sql","Las pruebas locales cubren RLS y la frontera financiera, pero el ACC exige flujo real de sesión/API/Portal y/o auditoría; debe ejecutarse en staging administrado, sin convertir la evidencia local en PASS."
"ACC","12","ACC-SEC-010","STAGING","SI","NO EJECUTADO","supabase/tests/security_rls_v3.sql; supabase/tests/financial_rls_v2.sql; supabase/tests/financial_ai_boundary_v2.sql; supabase/tests/storage_portal_isolation_v3.sql","Las pruebas locales cubren RLS y la frontera financiera, pero el ACC exige flujo real de sesión/API/Portal y/o auditoría; debe ejecutarse en staging administrado, sin convertir la evidencia local en PASS."
"ACC","12","ACC-USER-001","STAGING","SI","NO EJECUTADO","supabase/tests/sensitive_financial_permission_v2.sql; supabase/tests/security_rls_v3.sql; supabase/tests/financial_rls_v2.sql; supabase/tests/financial_ai_boundary_v2.sql","Existe evidencia local de permisos positivos/negativos; creación/cambio real de usuario, sesión Auth y confirmación de permisos requieren ejecución de extremo a extremo en staging."
"ACC","12","ACC-USER-002","BLOQUEADO POR FUNCIÓN PENDIENTE","NO","NO EJECUTADO","docs/relaunch/IMPLEMENTATION_STATUS_2026-10-07.md §1, §7; DOC12::ACC-USER-002, DOC12::ACC-USER-003, DOC12::ACC-USER-004, DOC12::ACC-USER-005","El estado versionado no demuestra los ciclos INVITADO/AUSENTE/SUSPENDIDO/DESVINCULADO con sus efectos de asignación y operación; falta implementar o acreditar esos flujos antes de ejecutar el criterio."
"ACC","12","ACC-USER-003","BLOQUEADO POR FUNCIÓN PENDIENTE","NO","NO EJECUTADO","docs/relaunch/IMPLEMENTATION_STATUS_2026-10-07.md §1, §7; DOC12::ACC-USER-002, DOC12::ACC-USER-003, DOC12::ACC-USER-004, DOC12::ACC-USER-005","El estado versionado no demuestra los ciclos INVITADO/AUSENTE/SUSPENDIDO/DESVINCULADO con sus efectos de asignación y operación; falta implementar o acreditar esos flujos antes de ejecutar el criterio."
"ACC","12","ACC-USER-004","BLOQUEADO POR FUNCIÓN PENDIENTE","SI","NO EJECUTADO","docs/relaunch/IMPLEMENTATION_STATUS_2026-10-07.md §1, §7; DOC12::ACC-USER-002, DOC12::ACC-USER-003, DOC12::ACC-USER-004, DOC12::ACC-USER-005","El estado versionado no demuestra los ciclos INVITADO/AUSENTE/SUSPENDIDO/DESVINCULADO con sus efectos de asignación y operación; falta implementar o acreditar esos flujos antes de ejecutar el criterio."
"ACC","12","ACC-USER-005","BLOQUEADO POR FUNCIÓN PENDIENTE","NO","NO EJECUTADO","docs/relaunch/IMPLEMENTATION_STATUS_2026-10-07.md §1, §7; DOC12::ACC-USER-002, DOC12::ACC-USER-003, DOC12::ACC-USER-004, DOC12::ACC-USER-005","El estado versionado no demuestra los ciclos INVITADO/AUSENTE/SUSPENDIDO/DESVINCULADO con sus efectos de asignación y operación; falta implementar o acreditar esos flujos antes de ejecutar el criterio."
"ACC","12","ACC-USER-006","STAGING","SI","NO EJECUTADO","supabase/tests/sensitive_financial_permission_v2.sql; supabase/tests/security_rls_v3.sql; supabase/tests/financial_rls_v2.sql; supabase/tests/financial_ai_boundary_v2.sql","Existe evidencia local de permisos positivos/negativos; creación/cambio real de usuario, sesión Auth y confirmación de permisos requieren ejecución de extremo a extremo en staging."
"ACC","12","ACC-USER-007","STAGING","SI","NO EJECUTADO","supabase/tests/sensitive_financial_permission_v2.sql; supabase/tests/security_rls_v3.sql; supabase/tests/financial_rls_v2.sql; supabase/tests/financial_ai_boundary_v2.sql","Existe evidencia local de permisos positivos/negativos; creación/cambio real de usuario, sesión Auth y confirmación de permisos requieren ejecución de extremo a extremo en staging."
"ACC","12","ACC-TASK-001","CUBIERTO / LISTO PARA EJECUTAR","NO","NO EJECUTADO","supabase/migrations/20261006_model_data_v2_expand.sql; supabase/tests/tasks_history_v2.sql; supabase/tests/tasks_permissions_v2.sql; supabase/tests/tasks_granted_permissions_v2.sql","El modelo y los tests de tareas prueban creación/historial y operaciones con estados válidos; la aceptación de estados completos aún se mantiene NO EJECUTADA."
"ACC","12","ACC-TASK-002","CUBIERTO / LISTO PARA EJECUTAR","NO","NO EJECUTADO","supabase/migrations/20261006_model_data_v2_expand.sql; supabase/tests/tasks_history_v2.sql; supabase/tests/tasks_permissions_v2.sql; supabase/tests/tasks_granted_permissions_v2.sql","El modelo y los tests de tareas prueban creación/historial y operaciones con estados válidos; la aceptación de estados completos aún se mantiene NO EJECUTADA."
"ACC","12","ACC-TASK-003","BLOQUEADO POR FUNCIÓN PENDIENTE","NO","NO EJECUTADO","docs/relaunch/IMPLEMENTATION_STATUS_2026-10-07.md §5; DOC12::ACC-TASK-003, DOC12::ACC-TASK-004, DOC12::ACC-TASK-008","No hay evidencia de los comportamientos requeridos de espera vs bloqueo con contexto y cierre de Proyecto condicionado por tareas; la función/flujo no está acreditado en el estado versionado."
"ACC","12","ACC-TASK-004","BLOQUEADO POR FUNCIÓN PENDIENTE","NO","NO EJECUTADO","docs/relaunch/IMPLEMENTATION_STATUS_2026-10-07.md §5; DOC12::ACC-TASK-003, DOC12::ACC-TASK-004, DOC12::ACC-TASK-008","No hay evidencia de los comportamientos requeridos de espera vs bloqueo con contexto y cierre de Proyecto condicionado por tareas; la función/flujo no está acreditado en el estado versionado."
"ACC","12","ACC-TASK-005","CUBIERTO / LISTO PARA EJECUTAR","SI","NO EJECUTADO","supabase/tests/ticket_multi_tasks_v2.sql","El test completa una Task vinculada y compara que el estado del Ticket no cambie."
"ACC","12","ACC-TASK-006","CUBIERTO / LISTO PARA EJECUTAR","SI","NO EJECUTADO","supabase/tests/tasks_permissions_v2.sql; supabase/tests/tasks_granted_permissions_v2.sql; supabase/migrations/20261006_security_permissions_v2.sql","Las políticas de permisos de tareas y casos positivos/negativos están en la suite; el caso ACC de create_tasks se mantiene como ejecución formal pendiente."
"ACC","12","ACC-TASK-007","STAGING","SI","NO EJECUTADO","supabase/tests/tasks_permissions_v2.sql; supabase/tests/tasks_granted_permissions_v2.sql; supabase/tests/security_rls_v3.sql; supabase/tests/financial_rls_v2.sql; supabase/tests/financial_ai_boundary_v2.sql","La suite prueba visibilidad por área/permiso, pero no el caso exacto de colaborador cruzado con acceso mínimo; requiere sesión/roles y recorrido integrado en staging."
"ACC","12","ACC-TASK-008","BLOQUEADO POR FUNCIÓN PENDIENTE","NO","NO EJECUTADO","docs/relaunch/IMPLEMENTATION_STATUS_2026-10-07.md §5; DOC12::ACC-TASK-003, DOC12::ACC-TASK-004, DOC12::ACC-TASK-008","No hay evidencia de los comportamientos requeridos de espera vs bloqueo con contexto y cierre de Proyecto condicionado por tareas; la función/flujo no está acreditado en el estado versionado."
"ACC","12","ACC-TRI-001","BLOQUEADO POR FUNCIÓN PENDIENTE","NO","NO EJECUTADO","docs/relaunch/IMPLEMENTATION_STATUS_2026-10-07.md §8; DOC12::ACC-TRI-001, DOC12::ACC-TRI-002, DOC12::ACC-TRI-004","Los tests Golden validan score de Task, no agrupación multiobjeto en Situación, conteo BI ni auditoría de override; esos comportamientos no están implementados/demostrados."
"ACC","12","ACC-TRI-002","BLOQUEADO POR FUNCIÓN PENDIENTE","NO","NO EJECUTADO","docs/relaunch/IMPLEMENTATION_STATUS_2026-10-07.md §8; DOC12::ACC-TRI-001, DOC12::ACC-TRI-002, DOC12::ACC-TRI-004","Los tests Golden validan score de Task, no agrupación multiobjeto en Situación, conteo BI ni auditoría de override; esos comportamientos no están implementados/demostrados."
"ACC","12","ACC-TRI-003","STAGING","SI","NO EJECUTADO","supabase/tests/golden_triage_v2.sql; supabase/tests/tasks_triage_integration_v2.sql; supabase/tests/security_rls_v3.sql; supabase/tests/financial_rls_v2.sql; supabase/tests/financial_ai_boundary_v2.sql","La priorización está implementada y probada localmente, pero el acceso por rol y la señal Premium específica no están demostrados como criterio completo; ejecutar con usuarios/sesiones de staging."
"ACC","12","ACC-TRI-004","BLOQUEADO POR FUNCIÓN PENDIENTE","NO","NO EJECUTADO","docs/relaunch/IMPLEMENTATION_STATUS_2026-10-07.md §8; DOC12::ACC-TRI-001, DOC12::ACC-TRI-002, DOC12::ACC-TRI-004","Los tests Golden validan score de Task, no agrupación multiobjeto en Situación, conteo BI ni auditoría de override; esos comportamientos no están implementados/demostrados."
"ACC","12","ACC-TRI-005","CUBIERTO / LISTO PARA EJECUTAR","SI","NO EJECUTADO","supabase/tests/golden_triage_v2.sql; supabase/tests/tasks_triage_integration_v2.sql","El cálculo determinístico y su trigger pasan siete Golden cases y pruebas de INSERT/UPDATE sin depender de IA generativa."
"ACC","12","ACC-TRI-006","STAGING","NO","NO EJECUTADO","supabase/tests/golden_triage_v2.sql; supabase/tests/tasks_triage_integration_v2.sql; supabase/tests/security_rls_v3.sql; supabase/tests/financial_rls_v2.sql; supabase/tests/financial_ai_boundary_v2.sql","La priorización está implementada y probada localmente, pero el acceso por rol y la señal Premium específica no están demostrados como criterio completo; ejecutar con usuarios/sesiones de staging."
"ACC","12","ACC-RAD-001","CUBIERTO / LISTO PARA EJECUTAR","NO","NO EJECUTADO","supabase/tests/golden_radar_v2.sql; supabase/migrations/20261007_radar_engine_v2.sql","El backend mantiene responsable/acción/fecha, sincroniza Followup→Radar, es idempotente, calcula overdue sin cron y opera por reglas determinísticas; ejecutar la aceptación formal sigue pendiente."
"ACC","12","ACC-RAD-002","CUBIERTO / LISTO PARA EJECUTAR","NO","NO EJECUTADO","supabase/tests/golden_radar_v2.sql; supabase/migrations/20261007_radar_engine_v2.sql","El backend mantiene responsable/acción/fecha, sincroniza Followup→Radar, es idempotente, calcula overdue sin cron y opera por reglas determinísticas; ejecutar la aceptación formal sigue pendiente."
"ACC","12","ACC-RAD-003","CUBIERTO / LISTO PARA EJECUTAR","SI","NO EJECUTADO","supabase/tests/golden_radar_v2.sql; supabase/migrations/20261007_radar_engine_v2.sql","El backend mantiene responsable/acción/fecha, sincroniza Followup→Radar, es idempotente, calcula overdue sin cron y opera por reglas determinísticas; ejecutar la aceptación formal sigue pendiente."
"ACC","12","ACC-RAD-004","STAGING","NO","NO EJECUTADO","supabase/tests/golden_radar_v2.sql; docs/relaunch/IMPLEMENTATION_STATUS_2026-10-07.md §6","El test prueba cierre y overdue, pero no el estado PROTEGIDO frente a RESUELTO ni su recorrido visible autenticado; requiere validación integrada."
"ACC","12","ACC-RAD-005","BLOQUEADO POR FUNCIÓN PENDIENTE","NO","NO EJECUTADO","docs/relaunch/IMPLEMENTATION_STATUS_2026-10-07.md §6, §10; DOC12::ACC-RAD-005, DOC12::ACC-RAD-006","No hay evidencia de la integración específica Radar→Triage ni del aprendizaje con métricas BI; BI V2 continúa PENDING."
"ACC","12","ACC-RAD-006","BLOQUEADO POR FUNCIÓN PENDIENTE","NO","NO EJECUTADO","docs/relaunch/IMPLEMENTATION_STATUS_2026-10-07.md §6, §10; DOC12::ACC-RAD-005, DOC12::ACC-RAD-006","No hay evidencia de la integración específica Radar→Triage ni del aprendizaje con métricas BI; BI V2 continúa PENDING."
"ACC","12","ACC-RAD-007","CUBIERTO / LISTO PARA EJECUTAR","SI","NO EJECUTADO","supabase/tests/golden_radar_v2.sql; supabase/migrations/20261007_radar_engine_v2.sql","El backend mantiene responsable/acción/fecha, sincroniza Followup→Radar, es idempotente, calcula overdue sin cron y opera por reglas determinísticas; ejecutar la aceptación formal sigue pendiente."
"ACC","12","ACC-CRM-001","CUBIERTO / LISTO PARA EJECUTAR","SI","NO EJECUTADO","supabase/tests/identity_commercial_v2.sql","El test verifica enlaces identidad comercial/cliente legado y ausencia de identidades duplicadas por migración."
"ACC","12","ACC-CRM-002","CUBIERTO / LISTO PARA EJECUTAR","SI","NO EJECUTADO","supabase/tests/golden_commercial_v2.sql","Golden Comercial convierte Prospecto a una única Oportunidad y reintenta la conversión sin duplicar."
"ACC","12","ACC-CRM-003","CUBIERTO / LISTO PARA EJECUTAR","SI","NO EJECUTADO","supabase/tests/golden_commercial_v2.sql","Golden Comercial convierte Prospecto a una única Oportunidad y reintenta la conversión sin duplicar."
"ACC","12","ACC-CRM-004","STAGING","NO","NO EJECUTADO","supabase/tests/golden_commercial_v2.sql; supabase/tests/proposals_sales_v2.sql","Identidad y propuestas/opciones comerciales existen, pero la suite no prueba la relación persona-empresa múltiple, V1/V2/V3 completa, vencimiento sin LOST automático ni nueva oportunidad desde cliente existente; ejecutar esas rutas en staging."
"ACC","12","ACC-CRM-005","BLOQUEADO POR FUNCIÓN PENDIENTE","NO","NO EJECUTADO","docs/relaunch/IMPLEMENTATION_STATUS_2026-10-07.md §3, §6; DOC12::ACC-CRM-005, DOC12::ACC-CRM-006, DOC12::ACC-CRM-011","No existe evidencia de importación por lotes con procedencia, sugerencias anti-duplicado sin fusión o detección de continuidad desprotegida; reconciliation solo reporta duplicados y Radar cubre followups, no estas funciones."
"ACC","12","ACC-CRM-006","BLOQUEADO POR FUNCIÓN PENDIENTE","NO","NO EJECUTADO","docs/relaunch/IMPLEMENTATION_STATUS_2026-10-07.md §3, §6; DOC12::ACC-CRM-005, DOC12::ACC-CRM-006, DOC12::ACC-CRM-011","No existe evidencia de importación por lotes con procedencia, sugerencias anti-duplicado sin fusión o detección de continuidad desprotegida; reconciliation solo reporta duplicados y Radar cubre followups, no estas funciones."
"ACC","12","ACC-CRM-007","STAGING","SI","NO EJECUTADO","supabase/tests/golden_commercial_v2.sql; supabase/tests/proposals_sales_v2.sql","Identidad y propuestas/opciones comerciales existen, pero la suite no prueba la relación persona-empresa múltiple, V1/V2/V3 completa, vencimiento sin LOST automático ni nueva oportunidad desde cliente existente; ejecutar esas rutas en staging."
"ACC","12","ACC-CRM-008","STAGING","NO","NO EJECUTADO","supabase/tests/golden_commercial_v2.sql; supabase/tests/proposals_sales_v2.sql","Identidad y propuestas/opciones comerciales existen, pero la suite no prueba la relación persona-empresa múltiple, V1/V2/V3 completa, vencimiento sin LOST automático ni nueva oportunidad desde cliente existente; ejecutar esas rutas en staging."
"ACC","12","ACC-CRM-009","CUBIERTO / LISTO PARA EJECUTAR","SI","NO EJECUTADO","supabase/tests/golden_commercial_v2.sql","Golden Comercial exige motivo en el cierre LOST y verifica cero ventas asociadas."
"ACC","12","ACC-CRM-010","STAGING","NO","NO EJECUTADO","supabase/tests/golden_commercial_v2.sql; supabase/tests/proposals_sales_v2.sql","Identidad y propuestas/opciones comerciales existen, pero la suite no prueba la relación persona-empresa múltiple, V1/V2/V3 completa, vencimiento sin LOST automático ni nueva oportunidad desde cliente existente; ejecutar esas rutas en staging."
"ACC","12","ACC-CRM-011","BLOQUEADO POR FUNCIÓN PENDIENTE","NO","NO EJECUTADO","docs/relaunch/IMPLEMENTATION_STATUS_2026-10-07.md §3, §6; DOC12::ACC-CRM-005, DOC12::ACC-CRM-006, DOC12::ACC-CRM-011","No existe evidencia de importación por lotes con procedencia, sugerencias anti-duplicado sin fusión o detección de continuidad desprotegida; reconciliation solo reporta duplicados y Radar cubre followups, no estas funciones."
"ACC","12","ACC-SALE-001","CUBIERTO / LISTO PARA EJECUTAR","SI","NO EJECUTADO","supabase/tests/golden_commercial_v2.sql; supabase/tests/commercial_financial_flow_v3.sql","Golden Comercial y el circuito financiero crean una única Sale desde cierre y verifican reintentos sin duplicados."
"ACC","12","ACC-SALE-002","CUBIERTO / LISTO PARA EJECUTAR","SI","NO EJECUTADO","supabase/tests/golden_commercial_v2.sql; supabase/tests/commercial_financial_flow_v3.sql","Golden Comercial y el circuito financiero crean una única Sale desde cierre y verifican reintentos sin duplicados."
"ACC","12","ACC-SALE-003","STAGING","SI","NO EJECUTADO","supabase/tests/golden_commercial_v2.sql; supabase/tests/commercial_financial_flow_v3.sql","Snapshots/Quick Sale tienen evidencia parcial local; la trazabilidad de ajustes y Quick Sale sin oportunidad equivalente no están cerrados formalmente y requieren recorrido completo."
"ACC","12","ACC-SALE-004","STAGING","NO","NO EJECUTADO","supabase/tests/golden_commercial_v2.sql; supabase/tests/commercial_financial_flow_v3.sql","Snapshots/Quick Sale tienen evidencia parcial local; la trazabilidad de ajustes y Quick Sale sin oportunidad equivalente no están cerrados formalmente y requieren recorrido completo."
"ACC","12","ACC-SALE-005","CUBIERTO / LISTO PARA EJECUTAR","SI","NO EJECUTADO","supabase/tests/golden_commercial_v2.sql","Golden Comercial llama Quick Sale con oportunidad equivalente y verifica que reutiliza esa oportunidad."
"ACC","12","ACC-SALE-006","BLOQUEADO POR FUNCIÓN PENDIENTE","NO","NO EJECUTADO","docs/relaunch/IMPLEMENTATION_STATUS_2026-10-07.md §3, §5, §10; DOC12::ACC-SALE-006, DOC12::ACC-SALE-007, DOC12::ACC-SALE-008, DOC12::ACC-SALE-009, DOC12::ACC-SALE-010, DOC12::ACC-SALE-011, DOC12::ACC-SALE-012, DOC12::ACC-SALE-013","La ruta rápida con excepción/promoción, creación coordinada de Proyecto/Servicio y activación condicionada de Cliente no está acreditada. La migración declara ciclos independientes y no instala activación automática por cobro."
"ACC","12","ACC-SALE-007","BLOQUEADO POR FUNCIÓN PENDIENTE","NO","NO EJECUTADO","docs/relaunch/IMPLEMENTATION_STATUS_2026-10-07.md §3, §5, §10; DOC12::ACC-SALE-006, DOC12::ACC-SALE-007, DOC12::ACC-SALE-008, DOC12::ACC-SALE-009, DOC12::ACC-SALE-010, DOC12::ACC-SALE-011, DOC12::ACC-SALE-012, DOC12::ACC-SALE-013","La ruta rápida con excepción/promoción, creación coordinada de Proyecto/Servicio y activación condicionada de Cliente no está acreditada. La migración declara ciclos independientes y no instala activación automática por cobro."
"ACC","12","ACC-SALE-008","BLOQUEADO POR FUNCIÓN PENDIENTE","NO","NO EJECUTADO","docs/relaunch/IMPLEMENTATION_STATUS_2026-10-07.md §3, §5, §10; DOC12::ACC-SALE-006, DOC12::ACC-SALE-007, DOC12::ACC-SALE-008, DOC12::ACC-SALE-009, DOC12::ACC-SALE-010, DOC12::ACC-SALE-011, DOC12::ACC-SALE-012, DOC12::ACC-SALE-013","La ruta rápida con excepción/promoción, creación coordinada de Proyecto/Servicio y activación condicionada de Cliente no está acreditada. La migración declara ciclos independientes y no instala activación automática por cobro."
"ACC","12","ACC-SALE-009","BLOQUEADO POR FUNCIÓN PENDIENTE","NO","NO EJECUTADO","docs/relaunch/IMPLEMENTATION_STATUS_2026-10-07.md §3, §5, §10; DOC12::ACC-SALE-006, DOC12::ACC-SALE-007, DOC12::ACC-SALE-008, DOC12::ACC-SALE-009, DOC12::ACC-SALE-010, DOC12::ACC-SALE-011, DOC12::ACC-SALE-012, DOC12::ACC-SALE-013","La ruta rápida con excepción/promoción, creación coordinada de Proyecto/Servicio y activación condicionada de Cliente no está acreditada. La migración declara ciclos independientes y no instala activación automática por cobro."
"ACC","12","ACC-SALE-010","BLOQUEADO POR FUNCIÓN PENDIENTE","NO","NO EJECUTADO","docs/relaunch/IMPLEMENTATION_STATUS_2026-10-07.md §3, §5, §10; DOC12::ACC-SALE-006, DOC12::ACC-SALE-007, DOC12::ACC-SALE-008, DOC12::ACC-SALE-009, DOC12::ACC-SALE-010, DOC12::ACC-SALE-011, DOC12::ACC-SALE-012, DOC12::ACC-SALE-013","La ruta rápida con excepción/promoción, creación coordinada de Proyecto/Servicio y activación condicionada de Cliente no está acreditada. La migración declara ciclos independientes y no instala activación automática por cobro."
"ACC","12","ACC-SALE-011","BLOQUEADO POR FUNCIÓN PENDIENTE","NO","NO EJECUTADO","docs/relaunch/IMPLEMENTATION_STATUS_2026-10-07.md §3, §5, §10; DOC12::ACC-SALE-006, DOC12::ACC-SALE-007, DOC12::ACC-SALE-008, DOC12::ACC-SALE-009, DOC12::ACC-SALE-010, DOC12::ACC-SALE-011, DOC12::ACC-SALE-012, DOC12::ACC-SALE-013","La ruta rápida con excepción/promoción, creación coordinada de Proyecto/Servicio y activación condicionada de Cliente no está acreditada. La migración declara ciclos independientes y no instala activación automática por cobro."
"ACC","12","ACC-SALE-012","BLOQUEADO POR FUNCIÓN PENDIENTE","SI","NO EJECUTADO","docs/relaunch/IMPLEMENTATION_STATUS_2026-10-07.md §3, §5, §10; DOC12::ACC-SALE-006, DOC12::ACC-SALE-007, DOC12::ACC-SALE-008, DOC12::ACC-SALE-009, DOC12::ACC-SALE-010, DOC12::ACC-SALE-011, DOC12::ACC-SALE-012, DOC12::ACC-SALE-013","La ruta rápida con excepción/promoción, creación coordinada de Proyecto/Servicio y activación condicionada de Cliente no está acreditada. La migración declara ciclos independientes y no instala activación automática por cobro."
"ACC","12","ACC-SALE-013","BLOQUEADO POR FUNCIÓN PENDIENTE","NO","NO EJECUTADO","docs/relaunch/IMPLEMENTATION_STATUS_2026-10-07.md §3, §5, §10; DOC12::ACC-SALE-006, DOC12::ACC-SALE-007, DOC12::ACC-SALE-008, DOC12::ACC-SALE-009, DOC12::ACC-SALE-010, DOC12::ACC-SALE-011, DOC12::ACC-SALE-012, DOC12::ACC-SALE-013","La ruta rápida con excepción/promoción, creación coordinada de Proyecto/Servicio y activación condicionada de Cliente no está acreditada. La migración declara ciclos independientes y no instala activación automática por cobro."
"ACC","12","ACC-FIN-001","CUBIERTO / LISTO PARA EJECUTAR","SI","NO EJECUTADO","supabase/tests/golden_financial_v2.sql; scripts/relaunch/finance-summary.test.cjs; supabase/tests/financial_fiscal_snapshot_v3.sql; supabase/tests/fiscal_policy_governance_v3.sql; supabase/tests/commission_policy_snapshot_v3.sql; supabase/tests/commercial_financial_flow_v3.sql","Las pruebas por comportamiento validan importes separados, moneda separada, moneda no determinante del IVA, base de comisión sin IVA, snapshots de tasa/versiones y Golden PYG/USD."
"ACC","12","ACC-FIN-002","STAGING","NO","NO EJECUTADO","supabase/tests/financial_fiscal_snapshot_v3.sql; supabase/tests/fiscal_policy_governance_v3.sql; docs/relaunch/IMPLEMENTATION_STATUS_2026-10-07.md §4","La UI y la política fiscal existen; falta comprobar moneda por defecto/cambio autorizado y la clasificación fiscal operativa aprobada con configuración real, sin inferirla de fixtures."
"ACC","12","ACC-FIN-003","CUBIERTO / LISTO PARA EJECUTAR","SI","NO EJECUTADO","supabase/tests/golden_financial_v2.sql; scripts/relaunch/finance-summary.test.cjs; supabase/tests/financial_fiscal_snapshot_v3.sql; supabase/tests/fiscal_policy_governance_v3.sql; supabase/tests/commission_policy_snapshot_v3.sql; supabase/tests/commercial_financial_flow_v3.sql","Las pruebas por comportamiento validan importes separados, moneda separada, moneda no determinante del IVA, base de comisión sin IVA, snapshots de tasa/versiones y Golden PYG/USD."
"ACC","12","ACC-FIN-004","CUBIERTO / LISTO PARA EJECUTAR","SI","NO EJECUTADO","supabase/tests/golden_financial_v2.sql; scripts/relaunch/finance-summary.test.cjs; supabase/tests/financial_fiscal_snapshot_v3.sql; supabase/tests/fiscal_policy_governance_v3.sql; supabase/tests/commission_policy_snapshot_v3.sql; supabase/tests/commercial_financial_flow_v3.sql","Las pruebas por comportamiento validan importes separados, moneda separada, moneda no determinante del IVA, base de comisión sin IVA, snapshots de tasa/versiones y Golden PYG/USD."
"ACC","12","ACC-FIN-005","STAGING","SI","NO EJECUTADO","supabase/tests/financial_fiscal_snapshot_v3.sql; supabase/tests/fiscal_policy_governance_v3.sql; docs/relaunch/IMPLEMENTATION_STATUS_2026-10-07.md §4","La UI y la política fiscal existen; falta comprobar moneda por defecto/cambio autorizado y la clasificación fiscal operativa aprobada con configuración real, sin inferirla de fixtures."
"ACC","12","ACC-FIN-006","CUBIERTO / LISTO PARA EJECUTAR","SI","NO EJECUTADO","supabase/tests/golden_financial_v2.sql; scripts/relaunch/finance-summary.test.cjs; supabase/tests/financial_fiscal_snapshot_v3.sql; supabase/tests/fiscal_policy_governance_v3.sql; supabase/tests/commission_policy_snapshot_v3.sql; supabase/tests/commercial_financial_flow_v3.sql","Las pruebas por comportamiento validan importes separados, moneda separada, moneda no determinante del IVA, base de comisión sin IVA, snapshots de tasa/versiones y Golden PYG/USD."
"ACC","12","ACC-FIN-007","CUBIERTO / LISTO PARA EJECUTAR","SI","NO EJECUTADO","supabase/tests/golden_financial_v2.sql; scripts/relaunch/finance-summary.test.cjs; supabase/tests/financial_fiscal_snapshot_v3.sql; supabase/tests/fiscal_policy_governance_v3.sql; supabase/tests/commission_policy_snapshot_v3.sql; supabase/tests/commercial_financial_flow_v3.sql","Las pruebas por comportamiento validan importes separados, moneda separada, moneda no determinante del IVA, base de comisión sin IVA, snapshots de tasa/versiones y Golden PYG/USD."
"ACC","12","ACC-FIN-008","CUBIERTO / LISTO PARA EJECUTAR","SI","NO EJECUTADO","supabase/tests/golden_financial_v2.sql; scripts/relaunch/finance-summary.test.cjs; supabase/tests/financial_fiscal_snapshot_v3.sql; supabase/tests/fiscal_policy_governance_v3.sql; supabase/tests/commission_policy_snapshot_v3.sql; supabase/tests/commercial_financial_flow_v3.sql","Las pruebas por comportamiento validan importes separados, moneda separada, moneda no determinante del IVA, base de comisión sin IVA, snapshots de tasa/versiones y Golden PYG/USD."
"ACC","12","ACC-TICKET-001","STAGING","NO","NO EJECUTADO","supabase/tests/ticket_multi_tasks_v2.sql; supabase/tests/golden_radar_v2.sql; docs/relaunch/IMPLEMENTATION_STATUS_2026-10-07.md §5, §7","Ticket/Portal están implementados, pero la suite actual no cubre creación autenticada, cobertura de servicio, propuesta fuera de alcance, espera con Radar, confirmación/reapertura e historial; ejecutar recorridos integrados con sesión real."
"ACC","12","ACC-TICKET-002","STAGING","NO","NO EJECUTADO","supabase/tests/ticket_multi_tasks_v2.sql; supabase/tests/golden_radar_v2.sql; docs/relaunch/IMPLEMENTATION_STATUS_2026-10-07.md §5, §7","Ticket/Portal están implementados, pero la suite actual no cubre creación autenticada, cobertura de servicio, propuesta fuera de alcance, espera con Radar, confirmación/reapertura e historial; ejecutar recorridos integrados con sesión real."
"ACC","12","ACC-TICKET-003","STAGING","NO","NO EJECUTADO","supabase/tests/ticket_multi_tasks_v2.sql; supabase/tests/golden_radar_v2.sql; docs/relaunch/IMPLEMENTATION_STATUS_2026-10-07.md §5, §7","Ticket/Portal están implementados, pero la suite actual no cubre creación autenticada, cobertura de servicio, propuesta fuera de alcance, espera con Radar, confirmación/reapertura e historial; ejecutar recorridos integrados con sesión real."
"ACC","12","ACC-TICKET-004","CUBIERTO / LISTO PARA EJECUTAR","NO","NO EJECUTADO","supabase/tests/ticket_multi_tasks_v2.sql","La prueba crea dos Tasks en el mismo Ticket y confirma que completar una no cierra el Ticket."
"ACC","12","ACC-TICKET-005","STAGING","NO","NO EJECUTADO","supabase/tests/ticket_multi_tasks_v2.sql; supabase/tests/golden_radar_v2.sql; docs/relaunch/IMPLEMENTATION_STATUS_2026-10-07.md §5, §7","Ticket/Portal están implementados, pero la suite actual no cubre creación autenticada, cobertura de servicio, propuesta fuera de alcance, espera con Radar, confirmación/reapertura e historial; ejecutar recorridos integrados con sesión real."
"ACC","12","ACC-TICKET-006","STAGING","NO","NO EJECUTADO","supabase/tests/ticket_multi_tasks_v2.sql; supabase/tests/golden_radar_v2.sql; docs/relaunch/IMPLEMENTATION_STATUS_2026-10-07.md §5, §7","Ticket/Portal están implementados, pero la suite actual no cubre creación autenticada, cobertura de servicio, propuesta fuera de alcance, espera con Radar, confirmación/reapertura e historial; ejecutar recorridos integrados con sesión real."
"ACC","12","ACC-TICKET-007","STAGING","NO","NO EJECUTADO","supabase/tests/ticket_multi_tasks_v2.sql; supabase/tests/golden_radar_v2.sql; docs/relaunch/IMPLEMENTATION_STATUS_2026-10-07.md §5, §7","Ticket/Portal están implementados, pero la suite actual no cubre creación autenticada, cobertura de servicio, propuesta fuera de alcance, espera con Radar, confirmación/reapertura e historial; ejecutar recorridos integrados con sesión real."
"ACC","12","ACC-CHAT-001","BLOQUEADO POR FUNCIÓN PENDIENTE","SI","NO EJECUTADO","docs/relaunch/IMPLEMENTATION_STATUS_2026-10-07.md §9; DOC12::ACC-CHAT-001, DOC12::ACC-CHAT-002, DOC12::ACC-CHAT-003, DOC12::ACC-CHAT-004, DOC12::ACC-CHAT-005, DOC12::ACC-CHAT-006, DOC12::ACC-CHAT-007, DOC12::ACC-CHAT-008, DOC12::ACC-CHAT-009, DOC12::ACC-CHAT-010, DOC12::ACC-CHAT-011, DOC12::ACC-CHAT-012, DOC12::ACC-CHAT-013","Chat V2 figura PENDING; faltan canales/hilos, contexto, idempotencia, mensajes y sus integraciones con DOTS, decisiones y degradación IA."
"ACC","12","ACC-CHAT-002","BLOQUEADO POR FUNCIÓN PENDIENTE","NO","NO EJECUTADO","docs/relaunch/IMPLEMENTATION_STATUS_2026-10-07.md §9; DOC12::ACC-CHAT-001, DOC12::ACC-CHAT-002, DOC12::ACC-CHAT-003, DOC12::ACC-CHAT-004, DOC12::ACC-CHAT-005, DOC12::ACC-CHAT-006, DOC12::ACC-CHAT-007, DOC12::ACC-CHAT-008, DOC12::ACC-CHAT-009, DOC12::ACC-CHAT-010, DOC12::ACC-CHAT-011, DOC12::ACC-CHAT-012, DOC12::ACC-CHAT-013","Chat V2 figura PENDING; faltan canales/hilos, contexto, idempotencia, mensajes y sus integraciones con DOTS, decisiones y degradación IA."
"ACC","12","ACC-CHAT-003","BLOQUEADO POR FUNCIÓN PENDIENTE","NO","NO EJECUTADO","docs/relaunch/IMPLEMENTATION_STATUS_2026-10-07.md §9; DOC12::ACC-CHAT-001, DOC12::ACC-CHAT-002, DOC12::ACC-CHAT-003, DOC12::ACC-CHAT-004, DOC12::ACC-CHAT-005, DOC12::ACC-CHAT-006, DOC12::ACC-CHAT-007, DOC12::ACC-CHAT-008, DOC12::ACC-CHAT-009, DOC12::ACC-CHAT-010, DOC12::ACC-CHAT-011, DOC12::ACC-CHAT-012, DOC12::ACC-CHAT-013","Chat V2 figura PENDING; faltan canales/hilos, contexto, idempotencia, mensajes y sus integraciones con DOTS, decisiones y degradación IA."
"ACC","12","ACC-CHAT-004","BLOQUEADO POR FUNCIÓN PENDIENTE","SI","NO EJECUTADO","docs/relaunch/IMPLEMENTATION_STATUS_2026-10-07.md §9; DOC12::ACC-CHAT-001, DOC12::ACC-CHAT-002, DOC12::ACC-CHAT-003, DOC12::ACC-CHAT-004, DOC12::ACC-CHAT-005, DOC12::ACC-CHAT-006, DOC12::ACC-CHAT-007, DOC12::ACC-CHAT-008, DOC12::ACC-CHAT-009, DOC12::ACC-CHAT-010, DOC12::ACC-CHAT-011, DOC12::ACC-CHAT-012, DOC12::ACC-CHAT-013","Chat V2 figura PENDING; faltan canales/hilos, contexto, idempotencia, mensajes y sus integraciones con DOTS, decisiones y degradación IA."
"ACC","12","ACC-CHAT-005","BLOQUEADO POR FUNCIÓN PENDIENTE","SI","NO EJECUTADO","docs/relaunch/IMPLEMENTATION_STATUS_2026-10-07.md §9; DOC12::ACC-CHAT-001, DOC12::ACC-CHAT-002, DOC12::ACC-CHAT-003, DOC12::ACC-CHAT-004, DOC12::ACC-CHAT-005, DOC12::ACC-CHAT-006, DOC12::ACC-CHAT-007, DOC12::ACC-CHAT-008, DOC12::ACC-CHAT-009, DOC12::ACC-CHAT-010, DOC12::ACC-CHAT-011, DOC12::ACC-CHAT-012, DOC12::ACC-CHAT-013","Chat V2 figura PENDING; faltan canales/hilos, contexto, idempotencia, mensajes y sus integraciones con DOTS, decisiones y degradación IA."
"ACC","12","ACC-CHAT-006","BLOQUEADO POR FUNCIÓN PENDIENTE","NO","NO EJECUTADO","docs/relaunch/IMPLEMENTATION_STATUS_2026-10-07.md §9; DOC12::ACC-CHAT-001, DOC12::ACC-CHAT-002, DOC12::ACC-CHAT-003, DOC12::ACC-CHAT-004, DOC12::ACC-CHAT-005, DOC12::ACC-CHAT-006, DOC12::ACC-CHAT-007, DOC12::ACC-CHAT-008, DOC12::ACC-CHAT-009, DOC12::ACC-CHAT-010, DOC12::ACC-CHAT-011, DOC12::ACC-CHAT-012, DOC12::ACC-CHAT-013","Chat V2 figura PENDING; faltan canales/hilos, contexto, idempotencia, mensajes y sus integraciones con DOTS, decisiones y degradación IA."
"ACC","12","ACC-CHAT-007","BLOQUEADO POR FUNCIÓN PENDIENTE","NO","NO EJECUTADO","docs/relaunch/IMPLEMENTATION_STATUS_2026-10-07.md §9; DOC12::ACC-CHAT-001, DOC12::ACC-CHAT-002, DOC12::ACC-CHAT-003, DOC12::ACC-CHAT-004, DOC12::ACC-CHAT-005, DOC12::ACC-CHAT-006, DOC12::ACC-CHAT-007, DOC12::ACC-CHAT-008, DOC12::ACC-CHAT-009, DOC12::ACC-CHAT-010, DOC12::ACC-CHAT-011, DOC12::ACC-CHAT-012, DOC12::ACC-CHAT-013","Chat V2 figura PENDING; faltan canales/hilos, contexto, idempotencia, mensajes y sus integraciones con DOTS, decisiones y degradación IA."
"ACC","12","ACC-CHAT-008","BLOQUEADO POR FUNCIÓN PENDIENTE","NO","NO EJECUTADO","docs/relaunch/IMPLEMENTATION_STATUS_2026-10-07.md §9; DOC12::ACC-CHAT-001, DOC12::ACC-CHAT-002, DOC12::ACC-CHAT-003, DOC12::ACC-CHAT-004, DOC12::ACC-CHAT-005, DOC12::ACC-CHAT-006, DOC12::ACC-CHAT-007, DOC12::ACC-CHAT-008, DOC12::ACC-CHAT-009, DOC12::ACC-CHAT-010, DOC12::ACC-CHAT-011, DOC12::ACC-CHAT-012, DOC12::ACC-CHAT-013","Chat V2 figura PENDING; faltan canales/hilos, contexto, idempotencia, mensajes y sus integraciones con DOTS, decisiones y degradación IA."
"ACC","12","ACC-CHAT-009","BLOQUEADO POR FUNCIÓN PENDIENTE","NO","NO EJECUTADO","docs/relaunch/IMPLEMENTATION_STATUS_2026-10-07.md §9; DOC12::ACC-CHAT-001, DOC12::ACC-CHAT-002, DOC12::ACC-CHAT-003, DOC12::ACC-CHAT-004, DOC12::ACC-CHAT-005, DOC12::ACC-CHAT-006, DOC12::ACC-CHAT-007, DOC12::ACC-CHAT-008, DOC12::ACC-CHAT-009, DOC12::ACC-CHAT-010, DOC12::ACC-CHAT-011, DOC12::ACC-CHAT-012, DOC12::ACC-CHAT-013","Chat V2 figura PENDING; faltan canales/hilos, contexto, idempotencia, mensajes y sus integraciones con DOTS, decisiones y degradación IA."
"ACC","12","ACC-CHAT-010","BLOQUEADO POR FUNCIÓN PENDIENTE","NO","NO EJECUTADO","docs/relaunch/IMPLEMENTATION_STATUS_2026-10-07.md §9; DOC12::ACC-CHAT-001, DOC12::ACC-CHAT-002, DOC12::ACC-CHAT-003, DOC12::ACC-CHAT-004, DOC12::ACC-CHAT-005, DOC12::ACC-CHAT-006, DOC12::ACC-CHAT-007, DOC12::ACC-CHAT-008, DOC12::ACC-CHAT-009, DOC12::ACC-CHAT-010, DOC12::ACC-CHAT-011, DOC12::ACC-CHAT-012, DOC12::ACC-CHAT-013","Chat V2 figura PENDING; faltan canales/hilos, contexto, idempotencia, mensajes y sus integraciones con DOTS, decisiones y degradación IA."
"ACC","12","ACC-CHAT-011","BLOQUEADO POR FUNCIÓN PENDIENTE","NO","NO EJECUTADO","docs/relaunch/IMPLEMENTATION_STATUS_2026-10-07.md §9; DOC12::ACC-CHAT-001, DOC12::ACC-CHAT-002, DOC12::ACC-CHAT-003, DOC12::ACC-CHAT-004, DOC12::ACC-CHAT-005, DOC12::ACC-CHAT-006, DOC12::ACC-CHAT-007, DOC12::ACC-CHAT-008, DOC12::ACC-CHAT-009, DOC12::ACC-CHAT-010, DOC12::ACC-CHAT-011, DOC12::ACC-CHAT-012, DOC12::ACC-CHAT-013","Chat V2 figura PENDING; faltan canales/hilos, contexto, idempotencia, mensajes y sus integraciones con DOTS, decisiones y degradación IA."
"ACC","12","ACC-CHAT-012","BLOQUEADO POR FUNCIÓN PENDIENTE","NO","NO EJECUTADO","docs/relaunch/IMPLEMENTATION_STATUS_2026-10-07.md §9; DOC12::ACC-CHAT-001, DOC12::ACC-CHAT-002, DOC12::ACC-CHAT-003, DOC12::ACC-CHAT-004, DOC12::ACC-CHAT-005, DOC12::ACC-CHAT-006, DOC12::ACC-CHAT-007, DOC12::ACC-CHAT-008, DOC12::ACC-CHAT-009, DOC12::ACC-CHAT-010, DOC12::ACC-CHAT-011, DOC12::ACC-CHAT-012, DOC12::ACC-CHAT-013","Chat V2 figura PENDING; faltan canales/hilos, contexto, idempotencia, mensajes y sus integraciones con DOTS, decisiones y degradación IA."
"ACC","12","ACC-CHAT-013","BLOQUEADO POR FUNCIÓN PENDIENTE","SI","NO EJECUTADO","docs/relaunch/IMPLEMENTATION_STATUS_2026-10-07.md §9; DOC12::ACC-CHAT-001, DOC12::ACC-CHAT-002, DOC12::ACC-CHAT-003, DOC12::ACC-CHAT-004, DOC12::ACC-CHAT-005, DOC12::ACC-CHAT-006, DOC12::ACC-CHAT-007, DOC12::ACC-CHAT-008, DOC12::ACC-CHAT-009, DOC12::ACC-CHAT-010, DOC12::ACC-CHAT-011, DOC12::ACC-CHAT-012, DOC12::ACC-CHAT-013","Chat V2 figura PENDING; faltan canales/hilos, contexto, idempotencia, mensajes y sus integraciones con DOTS, decisiones y degradación IA."
"ACC","12","ACC-DOTS-001","BLOQUEADO POR FUNCIÓN PENDIENTE","NO","NO EJECUTADO","docs/relaunch/IMPLEMENTATION_STATUS_2026-10-07.md §9; DOC12::ACC-DOTS-001, DOC12::ACC-DOTS-002, DOC12::ACC-DOTS-003, DOC12::ACC-DOTS-004, DOC12::ACC-DOTS-005, DOC12::ACC-DOTS-006","DOTS figura PENDING; no hay componente ejecutable para sugerencias/confirmación, privacidad, intervención mínima o separación de seguimiento."
"ACC","12","ACC-DOTS-002","BLOQUEADO POR FUNCIÓN PENDIENTE","SI","NO EJECUTADO","docs/relaunch/IMPLEMENTATION_STATUS_2026-10-07.md §9; DOC12::ACC-DOTS-001, DOC12::ACC-DOTS-002, DOC12::ACC-DOTS-003, DOC12::ACC-DOTS-004, DOC12::ACC-DOTS-005, DOC12::ACC-DOTS-006","DOTS figura PENDING; no hay componente ejecutable para sugerencias/confirmación, privacidad, intervención mínima o separación de seguimiento."
"ACC","12","ACC-DOTS-003","BLOQUEADO POR FUNCIÓN PENDIENTE","SI","NO EJECUTADO","docs/relaunch/IMPLEMENTATION_STATUS_2026-10-07.md §9; DOC12::ACC-DOTS-001, DOC12::ACC-DOTS-002, DOC12::ACC-DOTS-003, DOC12::ACC-DOTS-004, DOC12::ACC-DOTS-005, DOC12::ACC-DOTS-006","DOTS figura PENDING; no hay componente ejecutable para sugerencias/confirmación, privacidad, intervención mínima o separación de seguimiento."
"ACC","12","ACC-DOTS-004","BLOQUEADO POR FUNCIÓN PENDIENTE","NO","NO EJECUTADO","docs/relaunch/IMPLEMENTATION_STATUS_2026-10-07.md §9; DOC12::ACC-DOTS-001, DOC12::ACC-DOTS-002, DOC12::ACC-DOTS-003, DOC12::ACC-DOTS-004, DOC12::ACC-DOTS-005, DOC12::ACC-DOTS-006","DOTS figura PENDING; no hay componente ejecutable para sugerencias/confirmación, privacidad, intervención mínima o separación de seguimiento."
"ACC","12","ACC-DOTS-005","BLOQUEADO POR FUNCIÓN PENDIENTE","NO","NO EJECUTADO","docs/relaunch/IMPLEMENTATION_STATUS_2026-10-07.md §9; DOC12::ACC-DOTS-001, DOC12::ACC-DOTS-002, DOC12::ACC-DOTS-003, DOC12::ACC-DOTS-004, DOC12::ACC-DOTS-005, DOC12::ACC-DOTS-006","DOTS figura PENDING; no hay componente ejecutable para sugerencias/confirmación, privacidad, intervención mínima o separación de seguimiento."
"ACC","12","ACC-DOTS-006","BLOQUEADO POR FUNCIÓN PENDIENTE","NO","NO EJECUTADO","docs/relaunch/IMPLEMENTATION_STATUS_2026-10-07.md §9; DOC12::ACC-DOTS-001, DOC12::ACC-DOTS-002, DOC12::ACC-DOTS-003, DOC12::ACC-DOTS-004, DOC12::ACC-DOTS-005, DOC12::ACC-DOTS-006","DOTS figura PENDING; no hay componente ejecutable para sugerencias/confirmación, privacidad, intervención mínima o separación de seguimiento."
"ACC","12","ACC-EQ-001","BLOQUEADO POR FUNCIÓN PENDIENTE","SI","NO EJECUTADO","docs/relaunch/IMPLEMENTATION_STATUS_2026-10-07.md §9; DOC12::ACC-EQ-001, DOC12::ACC-EQ-002, DOC12::ACC-EQ-003, DOC12::ACC-EQ-004, DOC12::ACC-EQ-005","eQ/orquestación IA figuran PENDING; no es posible ejecutar respuesta con fuentes, permisos, acciones o incertidumbre."
"ACC","12","ACC-EQ-002","BLOQUEADO POR FUNCIÓN PENDIENTE","NO","NO EJECUTADO","docs/relaunch/IMPLEMENTATION_STATUS_2026-10-07.md §9; DOC12::ACC-EQ-001, DOC12::ACC-EQ-002, DOC12::ACC-EQ-003, DOC12::ACC-EQ-004, DOC12::ACC-EQ-005","eQ/orquestación IA figuran PENDING; no es posible ejecutar respuesta con fuentes, permisos, acciones o incertidumbre."
"ACC","12","ACC-EQ-003","BLOQUEADO POR FUNCIÓN PENDIENTE","SI","NO EJECUTADO","docs/relaunch/IMPLEMENTATION_STATUS_2026-10-07.md §9; DOC12::ACC-EQ-001, DOC12::ACC-EQ-002, DOC12::ACC-EQ-003, DOC12::ACC-EQ-004, DOC12::ACC-EQ-005","eQ/orquestación IA figuran PENDING; no es posible ejecutar respuesta con fuentes, permisos, acciones o incertidumbre."
"ACC","12","ACC-EQ-004","BLOQUEADO POR FUNCIÓN PENDIENTE","SI","NO EJECUTADO","docs/relaunch/IMPLEMENTATION_STATUS_2026-10-07.md §9; DOC12::ACC-EQ-001, DOC12::ACC-EQ-002, DOC12::ACC-EQ-003, DOC12::ACC-EQ-004, DOC12::ACC-EQ-005","eQ/orquestación IA figuran PENDING; no es posible ejecutar respuesta con fuentes, permisos, acciones o incertidumbre."
"ACC","12","ACC-EQ-005","BLOQUEADO POR FUNCIÓN PENDIENTE","NO","NO EJECUTADO","docs/relaunch/IMPLEMENTATION_STATUS_2026-10-07.md §9; DOC12::ACC-EQ-001, DOC12::ACC-EQ-002, DOC12::ACC-EQ-003, DOC12::ACC-EQ-004, DOC12::ACC-EQ-005","eQ/orquestación IA figuran PENDING; no es posible ejecutar respuesta con fuentes, permisos, acciones o incertidumbre."
"ACC","12","ACC-BI-001","BLOQUEADO POR FUNCIÓN PENDIENTE","SI","NO EJECUTADO","docs/relaunch/IMPLEMENTATION_STATUS_2026-10-07.md §10; DOC12::ACC-BI-001, DOC12::ACC-BI-002, DOC12::ACC-BI-003, DOC12::ACC-BI-004, DOC12::ACC-BI-005, DOC12::ACC-BI-006, DOC12::ACC-BI-007, DOC12::ACC-BI-008, DOC12::ACC-BI-009","BI V2/Centro Ejecutivo/ULi e indicadores financieros reales figuran PENDING; los resúmenes SQL/Finanzas no implementan los paneles, versiones y filtros requeridos."
"ACC","12","ACC-BI-002","BLOQUEADO POR FUNCIÓN PENDIENTE","NO","NO EJECUTADO","docs/relaunch/IMPLEMENTATION_STATUS_2026-10-07.md §10; DOC12::ACC-BI-001, DOC12::ACC-BI-002, DOC12::ACC-BI-003, DOC12::ACC-BI-004, DOC12::ACC-BI-005, DOC12::ACC-BI-006, DOC12::ACC-BI-007, DOC12::ACC-BI-008, DOC12::ACC-BI-009","BI V2/Centro Ejecutivo/ULi e indicadores financieros reales figuran PENDING; los resúmenes SQL/Finanzas no implementan los paneles, versiones y filtros requeridos."
"ACC","12","ACC-BI-003","BLOQUEADO POR FUNCIÓN PENDIENTE","NO","NO EJECUTADO","docs/relaunch/IMPLEMENTATION_STATUS_2026-10-07.md §10; DOC12::ACC-BI-001, DOC12::ACC-BI-002, DOC12::ACC-BI-003, DOC12::ACC-BI-004, DOC12::ACC-BI-005, DOC12::ACC-BI-006, DOC12::ACC-BI-007, DOC12::ACC-BI-008, DOC12::ACC-BI-009","BI V2/Centro Ejecutivo/ULi e indicadores financieros reales figuran PENDING; los resúmenes SQL/Finanzas no implementan los paneles, versiones y filtros requeridos."
"ACC","12","ACC-BI-004","BLOQUEADO POR FUNCIÓN PENDIENTE","NO","NO EJECUTADO","docs/relaunch/IMPLEMENTATION_STATUS_2026-10-07.md §10; DOC12::ACC-BI-001, DOC12::ACC-BI-002, DOC12::ACC-BI-003, DOC12::ACC-BI-004, DOC12::ACC-BI-005, DOC12::ACC-BI-006, DOC12::ACC-BI-007, DOC12::ACC-BI-008, DOC12::ACC-BI-009","BI V2/Centro Ejecutivo/ULi e indicadores financieros reales figuran PENDING; los resúmenes SQL/Finanzas no implementan los paneles, versiones y filtros requeridos."
"ACC","12","ACC-BI-005","BLOQUEADO POR FUNCIÓN PENDIENTE","SI","NO EJECUTADO","docs/relaunch/IMPLEMENTATION_STATUS_2026-10-07.md §10; DOC12::ACC-BI-001, DOC12::ACC-BI-002, DOC12::ACC-BI-003, DOC12::ACC-BI-004, DOC12::ACC-BI-005, DOC12::ACC-BI-006, DOC12::ACC-BI-007, DOC12::ACC-BI-008, DOC12::ACC-BI-009","BI V2/Centro Ejecutivo/ULi e indicadores financieros reales figuran PENDING; los resúmenes SQL/Finanzas no implementan los paneles, versiones y filtros requeridos."
"ACC","12","ACC-BI-006","BLOQUEADO POR FUNCIÓN PENDIENTE","NO","NO EJECUTADO","docs/relaunch/IMPLEMENTATION_STATUS_2026-10-07.md §10; DOC12::ACC-BI-001, DOC12::ACC-BI-002, DOC12::ACC-BI-003, DOC12::ACC-BI-004, DOC12::ACC-BI-005, DOC12::ACC-BI-006, DOC12::ACC-BI-007, DOC12::ACC-BI-008, DOC12::ACC-BI-009","BI V2/Centro Ejecutivo/ULi e indicadores financieros reales figuran PENDING; los resúmenes SQL/Finanzas no implementan los paneles, versiones y filtros requeridos."
"ACC","12","ACC-BI-007","BLOQUEADO POR FUNCIÓN PENDIENTE","NO","NO EJECUTADO","docs/relaunch/IMPLEMENTATION_STATUS_2026-10-07.md §10; DOC12::ACC-BI-001, DOC12::ACC-BI-002, DOC12::ACC-BI-003, DOC12::ACC-BI-004, DOC12::ACC-BI-005, DOC12::ACC-BI-006, DOC12::ACC-BI-007, DOC12::ACC-BI-008, DOC12::ACC-BI-009","BI V2/Centro Ejecutivo/ULi e indicadores financieros reales figuran PENDING; los resúmenes SQL/Finanzas no implementan los paneles, versiones y filtros requeridos."
"ACC","12","ACC-BI-008","BLOQUEADO POR FUNCIÓN PENDIENTE","NO","NO EJECUTADO","docs/relaunch/IMPLEMENTATION_STATUS_2026-10-07.md §10; DOC12::ACC-BI-001, DOC12::ACC-BI-002, DOC12::ACC-BI-003, DOC12::ACC-BI-004, DOC12::ACC-BI-005, DOC12::ACC-BI-006, DOC12::ACC-BI-007, DOC12::ACC-BI-008, DOC12::ACC-BI-009","BI V2/Centro Ejecutivo/ULi e indicadores financieros reales figuran PENDING; los resúmenes SQL/Finanzas no implementan los paneles, versiones y filtros requeridos."
"ACC","12","ACC-BI-009","BLOQUEADO POR FUNCIÓN PENDIENTE","SI","NO EJECUTADO","docs/relaunch/IMPLEMENTATION_STATUS_2026-10-07.md §10; DOC12::ACC-BI-001, DOC12::ACC-BI-002, DOC12::ACC-BI-003, DOC12::ACC-BI-004, DOC12::ACC-BI-005, DOC12::ACC-BI-006, DOC12::ACC-BI-007, DOC12::ACC-BI-008, DOC12::ACC-BI-009","BI V2/Centro Ejecutivo/ULi e indicadores financieros reales figuran PENDING; los resúmenes SQL/Finanzas no implementan los paneles, versiones y filtros requeridos."
"ACC","12","ACC-DATA-001","STAGING","SI","NO EJECUTADO","supabase/tests/storage_portal_isolation_v3.sql; supabase/tests/security_rls_v3.sql; supabase/tests/financial_rls_v2.sql; supabase/tests/financial_ai_boundary_v2.sql","A/B y policy checks pasan en PostgreSQL restaurado local con rollback; no prueban signed URL ni servicio Storage remoto, por lo que el ACC exige staging real."
"ACC","12","ACC-DATA-002","BLOQUEADO POR FUNCIÓN PENDIENTE","NO","NO EJECUTADO","docs/relaunch/IMPLEMENTATION_STATUS_2026-10-07.md §9–10; DOC12::ACC-DATA-002, DOC12::ACC-DATA-003, DOC12::ACC-DATA-004, DOC12::ACC-DATA-005","No existe evidencia de evento sale.closed, audit log de cambios sensibles, procedencia de percepciones ni contrato de dato derivado BI; esos comportamientos no están cubiertos por el suite actual."
"ACC","12","ACC-DATA-003","BLOQUEADO POR FUNCIÓN PENDIENTE","SI","NO EJECUTADO","docs/relaunch/IMPLEMENTATION_STATUS_2026-10-07.md §9–10; DOC12::ACC-DATA-002, DOC12::ACC-DATA-003, DOC12::ACC-DATA-004, DOC12::ACC-DATA-005","No existe evidencia de evento sale.closed, audit log de cambios sensibles, procedencia de percepciones ni contrato de dato derivado BI; esos comportamientos no están cubiertos por el suite actual."
"ACC","12","ACC-DATA-004","BLOQUEADO POR FUNCIÓN PENDIENTE","NO","NO EJECUTADO","docs/relaunch/IMPLEMENTATION_STATUS_2026-10-07.md §9–10; DOC12::ACC-DATA-002, DOC12::ACC-DATA-003, DOC12::ACC-DATA-004, DOC12::ACC-DATA-005","No existe evidencia de evento sale.closed, audit log de cambios sensibles, procedencia de percepciones ni contrato de dato derivado BI; esos comportamientos no están cubiertos por el suite actual."
"ACC","12","ACC-DATA-005","BLOQUEADO POR FUNCIÓN PENDIENTE","NO","NO EJECUTADO","docs/relaunch/IMPLEMENTATION_STATUS_2026-10-07.md §9–10; DOC12::ACC-DATA-002, DOC12::ACC-DATA-003, DOC12::ACC-DATA-004, DOC12::ACC-DATA-005","No existe evidencia de evento sale.closed, audit log de cambios sensibles, procedencia de percepciones ni contrato de dato derivado BI; esos comportamientos no están cubiertos por el suite actual."
"ACC","12","ACC-MIG-001","STAGING","SI","NO EJECUTADO","supabase/tests/phase0_baseline_reconcile.sql; supabase/tests/reconciliation_v2.sql; scripts/relaunch/rehearse-commission-local.py; docs/relanzamiento/FASE0_BACKUP_RESTORE_ENSAYO.md","Restore/reconciliación local se ejecutó correctamente, pero el criterio exige ensayo de migración en staging administrado; no se sustituye por Docker local."
"ACC","12","ACC-MIG-002","CUBIERTO / LISTO PARA EJECUTAR","SI","NO EJECUTADO","supabase/tests/identity_commercial_v2.sql","El test compara identidades canónicas con clients legacy, enlaces bidireccionales y duplicados de legacy_client_id."
"ACC","12","ACC-MIG-003","STAGING","NO","NO EJECUTADO","supabase/tests/phase0_baseline_reconcile.sql; supabase/tests/reconciliation_v2.sql; supabase/tests/identity_commercial_v2.sql","Hay baseline y mapeo de clientes legacy; falta ejecutar el caso formal de campos opcionales ausentes y operación del cliente en staging."
"ACC","12","ACC-MIG-004","STAGING","SI","NO EJECUTADO","supabase/tests/phase0_baseline_reconcile.sql; supabase/tests/reconciliation_v2.sql; docs/relanzamiento/FASE0_BACKUP_RESTORE_ENSAYO.md","Restore y conteos locales están probados, pero no verifican semántica completa de contenido/autor/fecha de chat ni simulan fallo parcial/rollback final del candidato; requiere ensayo controlado de staging."
"ACC","12","ACC-MIG-005","CUBIERTO / LISTO PARA EJECUTAR","SI","NO EJECUTADO","supabase/tests/reconciliation_v2.sql","La reconciliación lista huérfanos y tareas ambiguas sin auto-vincular; el baseline conserva relaciones no comprobadas."
"ACC","12","ACC-MIG-006","STAGING","SI","NO EJECUTADO","supabase/tests/phase0_baseline_reconcile.sql; supabase/tests/reconciliation_v2.sql; docs/relanzamiento/FASE0_BACKUP_RESTORE_ENSAYO.md","Restore y conteos locales están probados, pero no verifican semántica completa de contenido/autor/fecha de chat ni simulan fallo parcial/rollback final del candidato; requiere ensayo controlado de staging."
"ACC","12","ACC-RES-001","BLOQUEADO POR FUNCIÓN PENDIENTE","SI","NO EJECUTADO","docs/relaunch/IMPLEMENTATION_STATUS_2026-10-07.md §9–10; DOC12::ACC-RES-001, DOC12::ACC-RES-002, DOC12::ACC-RES-003, DOC12::ACC-RES-004","La degradación con Chat/DOTS/BI y el control de concurrencia/Reatime no está demostrada; módulos IA/Chat/BI requeridos siguen PENDING y no hay test de concurrencia."
"ACC","12","ACC-RES-002","BLOQUEADO POR FUNCIÓN PENDIENTE","SI","NO EJECUTADO","docs/relaunch/IMPLEMENTATION_STATUS_2026-10-07.md §9–10; DOC12::ACC-RES-001, DOC12::ACC-RES-002, DOC12::ACC-RES-003, DOC12::ACC-RES-004","La degradación con Chat/DOTS/BI y el control de concurrencia/Reatime no está demostrada; módulos IA/Chat/BI requeridos siguen PENDING y no hay test de concurrencia."
"ACC","12","ACC-RES-003","BLOQUEADO POR FUNCIÓN PENDIENTE","NO","NO EJECUTADO","docs/relaunch/IMPLEMENTATION_STATUS_2026-10-07.md §9–10; DOC12::ACC-RES-001, DOC12::ACC-RES-002, DOC12::ACC-RES-003, DOC12::ACC-RES-004","La degradación con Chat/DOTS/BI y el control de concurrencia/Reatime no está demostrada; módulos IA/Chat/BI requeridos siguen PENDING y no hay test de concurrencia."
"ACC","12","ACC-RES-004","BLOQUEADO POR FUNCIÓN PENDIENTE","NO","NO EJECUTADO","docs/relaunch/IMPLEMENTATION_STATUS_2026-10-07.md §9–10; DOC12::ACC-RES-001, DOC12::ACC-RES-002, DOC12::ACC-RES-003, DOC12::ACC-RES-004","La degradación con Chat/DOTS/BI y el control de concurrencia/Reatime no está demostrada; módulos IA/Chat/BI requeridos siguen PENDING y no hay test de concurrencia."
"ACC","12","ACC-UX-001","STAGING","NO","NO EJECUTADO","npm run build (evidencia de compilación); docs/relaunch/IMPLEMENTATION_STATUS_2026-10-07.md §11","La compilación no prueba fricción, contexto conservado, formularios, mensajes ni recuperación de errores; son recorridos de navegador con usuarios/sesión en Preview."
"ACC","12","ACC-UX-002","STAGING","NO","NO EJECUTADO","npm run build (evidencia de compilación); docs/relaunch/IMPLEMENTATION_STATUS_2026-10-07.md §11","La compilación no prueba fricción, contexto conservado, formularios, mensajes ni recuperación de errores; son recorridos de navegador con usuarios/sesión en Preview."
"ACC","12","ACC-UX-003","STAGING","NO","NO EJECUTADO","npm run build (evidencia de compilación); docs/relaunch/IMPLEMENTATION_STATUS_2026-10-07.md §11","La compilación no prueba fricción, contexto conservado, formularios, mensajes ni recuperación de errores; son recorridos de navegador con usuarios/sesión en Preview."
"ACC","12","ACC-UX-004","BLOQUEADO POR FUNCIÓN PENDIENTE","NO","NO EJECUTADO","docs/relaunch/IMPLEMENTATION_STATUS_2026-10-07.md §9; DOC12::ACC-UX-004, DOC12::ACC-UX-005","UX-004 depende de crear Proyecto desde Venta, función no acreditada; UX-005 depende de Chat V2, que figura PENDING."
"ACC","12","ACC-UX-005","BLOQUEADO POR FUNCIÓN PENDIENTE","NO","NO EJECUTADO","docs/relaunch/IMPLEMENTATION_STATUS_2026-10-07.md §9; DOC12::ACC-UX-004, DOC12::ACC-UX-005","UX-004 depende de crear Proyecto desde Venta, función no acreditada; UX-005 depende de Chat V2, que figura PENDING."
"ACC","12","ACC-UX-006","STAGING","NO","NO EJECUTADO","npm run build (evidencia de compilación); docs/relaunch/IMPLEMENTATION_STATUS_2026-10-07.md §11","La compilación no prueba fricción, contexto conservado, formularios, mensajes ni recuperación de errores; son recorridos de navegador con usuarios/sesión en Preview."
"ACC","13","ACC-DOTS-007","BLOQUEADO POR FUNCIÓN PENDIENTE","NO","NO EJECUTADO","docs/relaunch/IMPLEMENTATION_STATUS_2026-10-07.md §9; DOC13::ACC-DOTS-007","El módulo rector DOC13 está registrado PENDING en el estado de implementación; el comportamiento de este criterio no puede ejecutarse hasta que esa función esté implementada/habilitada. El criterio sigue NO EJECUTADO."
"ACC","13","ACC-DOTS-008","BLOQUEADO POR FUNCIÓN PENDIENTE","NO","NO EJECUTADO","docs/relaunch/IMPLEMENTATION_STATUS_2026-10-07.md §9; DOC13::ACC-DOTS-008","El módulo rector DOC13 está registrado PENDING en el estado de implementación; el comportamiento de este criterio no puede ejecutarse hasta que esa función esté implementada/habilitada. El criterio sigue NO EJECUTADO."
"ACC","13","ACC-DOTS-009","BLOQUEADO POR FUNCIÓN PENDIENTE","NO","NO EJECUTADO","docs/relaunch/IMPLEMENTATION_STATUS_2026-10-07.md §9; DOC13::ACC-DOTS-009","El módulo rector DOC13 está registrado PENDING en el estado de implementación; el comportamiento de este criterio no puede ejecutarse hasta que esa función esté implementada/habilitada. El criterio sigue NO EJECUTADO."
"ACC","13","ACC-DOTS-010","BLOQUEADO POR FUNCIÓN PENDIENTE","NO","NO EJECUTADO","docs/relaunch/IMPLEMENTATION_STATUS_2026-10-07.md §9; DOC13::ACC-DOTS-010","El módulo rector DOC13 está registrado PENDING en el estado de implementación; el comportamiento de este criterio no puede ejecutarse hasta que esa función esté implementada/habilitada. El criterio sigue NO EJECUTADO."
"ACC","13","ACC-DOTS-011","BLOQUEADO POR FUNCIÓN PENDIENTE","NO","NO EJECUTADO","docs/relaunch/IMPLEMENTATION_STATUS_2026-10-07.md §9; DOC13::ACC-DOTS-011","El módulo rector DOC13 está registrado PENDING en el estado de implementación; el comportamiento de este criterio no puede ejecutarse hasta que esa función esté implementada/habilitada. El criterio sigue NO EJECUTADO."
"ACC","13","ACC-DOTS-012","BLOQUEADO POR FUNCIÓN PENDIENTE","NO","NO EJECUTADO","docs/relaunch/IMPLEMENTATION_STATUS_2026-10-07.md §9; DOC13::ACC-DOTS-012","El módulo rector DOC13 está registrado PENDING en el estado de implementación; el comportamiento de este criterio no puede ejecutarse hasta que esa función esté implementada/habilitada. El criterio sigue NO EJECUTADO."
"ACC","13","ACC-DOTS-013","BLOQUEADO POR FUNCIÓN PENDIENTE","NO","NO EJECUTADO","docs/relaunch/IMPLEMENTATION_STATUS_2026-10-07.md §9; DOC13::ACC-DOTS-013","El módulo rector DOC13 está registrado PENDING en el estado de implementación; el comportamiento de este criterio no puede ejecutarse hasta que esa función esté implementada/habilitada. El criterio sigue NO EJECUTADO."
"ACC","13","ACC-DOTS-014","BLOQUEADO POR FUNCIÓN PENDIENTE","NO","NO EJECUTADO","docs/relaunch/IMPLEMENTATION_STATUS_2026-10-07.md §9; DOC13::ACC-DOTS-014","El módulo rector DOC13 está registrado PENDING en el estado de implementación; el comportamiento de este criterio no puede ejecutarse hasta que esa función esté implementada/habilitada. El criterio sigue NO EJECUTADO."
"ACC","13","ACC-DOTS-015","BLOQUEADO POR FUNCIÓN PENDIENTE","NO","NO EJECUTADO","docs/relaunch/IMPLEMENTATION_STATUS_2026-10-07.md §9; DOC13::ACC-DOTS-015","El módulo rector DOC13 está registrado PENDING en el estado de implementación; el comportamiento de este criterio no puede ejecutarse hasta que esa función esté implementada/habilitada. El criterio sigue NO EJECUTADO."
"ACC","13","ACC-DOTS-016","BLOQUEADO POR FUNCIÓN PENDIENTE","NO","NO EJECUTADO","docs/relaunch/IMPLEMENTATION_STATUS_2026-10-07.md §9; DOC13::ACC-DOTS-016","El módulo rector DOC13 está registrado PENDING en el estado de implementación; el comportamiento de este criterio no puede ejecutarse hasta que esa función esté implementada/habilitada. El criterio sigue NO EJECUTADO."
"ACC","13","ACC-DOTS-017","BLOQUEADO POR FUNCIÓN PENDIENTE","NO","NO EJECUTADO","docs/relaunch/IMPLEMENTATION_STATUS_2026-10-07.md §9; DOC13::ACC-DOTS-017","El módulo rector DOC13 está registrado PENDING en el estado de implementación; el comportamiento de este criterio no puede ejecutarse hasta que esa función esté implementada/habilitada. El criterio sigue NO EJECUTADO."
"ACC","13","ACC-DOTS-018","BLOQUEADO POR FUNCIÓN PENDIENTE","NO","NO EJECUTADO","docs/relaunch/IMPLEMENTATION_STATUS_2026-10-07.md §9; DOC13::ACC-DOTS-018","El módulo rector DOC13 está registrado PENDING en el estado de implementación; el comportamiento de este criterio no puede ejecutarse hasta que esa función esté implementada/habilitada. El criterio sigue NO EJECUTADO."
"ACC","13","ACC-DOTS-019","BLOQUEADO POR FUNCIÓN PENDIENTE","NO","NO EJECUTADO","docs/relaunch/IMPLEMENTATION_STATUS_2026-10-07.md §9; DOC13::ACC-DOTS-019","El módulo rector DOC13 está registrado PENDING en el estado de implementación; el comportamiento de este criterio no puede ejecutarse hasta que esa función esté implementada/habilitada. El criterio sigue NO EJECUTADO."
"ACC","14","ACC-AI-010","STAGING","NO","NO EJECUTADO","supabase/tests/financial_ai_boundary_v2.sql; docs/relaunch/IMPLEMENTATION_STATUS_2026-10-07.md §Checkpoint 03","Checkpoint 03 prueba rechazo antes de cargar contexto/proveedor para el límite financiero en el handler local; el requisito general de permisos antes de cualquier recuperación necesita sesión/API real en staging."
"ACC","14","ACC-AI-011","STAGING","NO","NO EJECUTADO","docs/relaunch/IMPLEMENTATION_STATUS_2026-10-07.md §Checkpoint 03","La consulta operativa autenticada respondió sin llamada al proveedor generativo en la prueba HTTP local; validar la ruta completa en el Preview con sesión de staging."
"ACC","14","ACC-AI-012","BLOQUEADO POR FUNCIÓN PENDIENTE","NO","NO EJECUTADO","docs/relaunch/IMPLEMENTATION_STATUS_2026-10-07.md §9; DOC14::ACC-AI-012","El módulo rector DOC14 está registrado PENDING en el estado de implementación; el comportamiento de este criterio no puede ejecutarse hasta que esa función esté implementada/habilitada. El criterio sigue NO EJECUTADO."
"ACC","14","ACC-AI-013","BLOQUEADO POR FUNCIÓN PENDIENTE","NO","NO EJECUTADO","docs/relaunch/IMPLEMENTATION_STATUS_2026-10-07.md §9; DOC14::ACC-AI-013","El módulo rector DOC14 está registrado PENDING en el estado de implementación; el comportamiento de este criterio no puede ejecutarse hasta que esa función esté implementada/habilitada. El criterio sigue NO EJECUTADO."
"ACC","14","ACC-AI-014","BLOQUEADO POR FUNCIÓN PENDIENTE","NO","NO EJECUTADO","docs/relaunch/IMPLEMENTATION_STATUS_2026-10-07.md §9; DOC14::ACC-AI-014","El módulo rector DOC14 está registrado PENDING en el estado de implementación; el comportamiento de este criterio no puede ejecutarse hasta que esa función esté implementada/habilitada. El criterio sigue NO EJECUTADO."
"ACC","14","ACC-AI-015","BLOQUEADO POR FUNCIÓN PENDIENTE","NO","NO EJECUTADO","docs/relaunch/IMPLEMENTATION_STATUS_2026-10-07.md §9; DOC14::ACC-AI-015","El módulo rector DOC14 está registrado PENDING en el estado de implementación; el comportamiento de este criterio no puede ejecutarse hasta que esa función esté implementada/habilitada. El criterio sigue NO EJECUTADO."
"ACC","14","ACC-AI-016","BLOQUEADO POR FUNCIÓN PENDIENTE","NO","NO EJECUTADO","docs/relaunch/IMPLEMENTATION_STATUS_2026-10-07.md §9; DOC14::ACC-AI-016","El módulo rector DOC14 está registrado PENDING en el estado de implementación; el comportamiento de este criterio no puede ejecutarse hasta que esa función esté implementada/habilitada. El criterio sigue NO EJECUTADO."
"ACC","14","ACC-AI-017","BLOQUEADO POR FUNCIÓN PENDIENTE","NO","NO EJECUTADO","docs/relaunch/IMPLEMENTATION_STATUS_2026-10-07.md §9; DOC14::ACC-AI-017","El módulo rector DOC14 está registrado PENDING en el estado de implementación; el comportamiento de este criterio no puede ejecutarse hasta que esa función esté implementada/habilitada. El criterio sigue NO EJECUTADO."
"ACC","14","ACC-AI-018","BLOQUEADO POR FUNCIÓN PENDIENTE","NO","NO EJECUTADO","docs/relaunch/IMPLEMENTATION_STATUS_2026-10-07.md §9; DOC14::ACC-AI-018","El módulo rector DOC14 está registrado PENDING en el estado de implementación; el comportamiento de este criterio no puede ejecutarse hasta que esa función esté implementada/habilitada. El criterio sigue NO EJECUTADO."
"ACC","14","ACC-AI-019","BLOQUEADO POR FUNCIÓN PENDIENTE","NO","NO EJECUTADO","docs/relaunch/IMPLEMENTATION_STATUS_2026-10-07.md §9; DOC14::ACC-AI-019","El módulo rector DOC14 está registrado PENDING en el estado de implementación; el comportamiento de este criterio no puede ejecutarse hasta que esa función esté implementada/habilitada. El criterio sigue NO EJECUTADO."
"ACC","14","ACC-AI-020","BLOQUEADO POR FUNCIÓN PENDIENTE","NO","NO EJECUTADO","docs/relaunch/IMPLEMENTATION_STATUS_2026-10-07.md §9; DOC14::ACC-AI-020","El módulo rector DOC14 está registrado PENDING en el estado de implementación; el comportamiento de este criterio no puede ejecutarse hasta que esa función esté implementada/habilitada. El criterio sigue NO EJECUTADO."
"ACC","14","ACC-AI-021","BLOQUEADO POR FUNCIÓN PENDIENTE","NO","NO EJECUTADO","docs/relaunch/IMPLEMENTATION_STATUS_2026-10-07.md §9; DOC14::ACC-AI-021","El módulo rector DOC14 está registrado PENDING en el estado de implementación; el comportamiento de este criterio no puede ejecutarse hasta que esa función esté implementada/habilitada. El criterio sigue NO EJECUTADO."
"ACC","14","ACC-AI-022","BLOQUEADO POR FUNCIÓN PENDIENTE","NO","NO EJECUTADO","docs/relaunch/IMPLEMENTATION_STATUS_2026-10-07.md §9; DOC14::ACC-AI-022","El módulo rector DOC14 está registrado PENDING en el estado de implementación; el comportamiento de este criterio no puede ejecutarse hasta que esa función esté implementada/habilitada. El criterio sigue NO EJECUTADO."
"ACC","14","ACC-AI-023","BLOQUEADO POR FUNCIÓN PENDIENTE","NO","NO EJECUTADO","docs/relaunch/IMPLEMENTATION_STATUS_2026-10-07.md §9; DOC14::ACC-AI-023","El módulo rector DOC14 está registrado PENDING en el estado de implementación; el comportamiento de este criterio no puede ejecutarse hasta que esa función esté implementada/habilitada. El criterio sigue NO EJECUTADO."
"ACC","14","ACC-AI-024","BLOQUEADO POR FUNCIÓN PENDIENTE","NO","NO EJECUTADO","docs/relaunch/IMPLEMENTATION_STATUS_2026-10-07.md §9; DOC14::ACC-AI-024","El módulo rector DOC14 está registrado PENDING en el estado de implementación; el comportamiento de este criterio no puede ejecutarse hasta que esa función esté implementada/habilitada. El criterio sigue NO EJECUTADO."
"ACC","15","ACC-MEM-001","BLOQUEADO POR FUNCIÓN PENDIENTE","SI","NO EJECUTADO","docs/relaunch/IMPLEMENTATION_STATUS_2026-10-07.md §9; DOC15::ACC-MEM-001","El módulo rector DOC15 está registrado PENDING en el estado de implementación; el comportamiento de este criterio no puede ejecutarse hasta que esa función esté implementada/habilitada. El criterio sigue NO EJECUTADO."
"ACC","15","ACC-MEM-002","BLOQUEADO POR FUNCIÓN PENDIENTE","NO","NO EJECUTADO","docs/relaunch/IMPLEMENTATION_STATUS_2026-10-07.md §9; DOC15::ACC-MEM-002","El módulo rector DOC15 está registrado PENDING en el estado de implementación; el comportamiento de este criterio no puede ejecutarse hasta que esa función esté implementada/habilitada. El criterio sigue NO EJECUTADO."
"ACC","15","ACC-MEM-003","BLOQUEADO POR FUNCIÓN PENDIENTE","NO","NO EJECUTADO","docs/relaunch/IMPLEMENTATION_STATUS_2026-10-07.md §9; DOC15::ACC-MEM-003","El módulo rector DOC15 está registrado PENDING en el estado de implementación; el comportamiento de este criterio no puede ejecutarse hasta que esa función esté implementada/habilitada. El criterio sigue NO EJECUTADO."
"ACC","15","ACC-MEM-004","BLOQUEADO POR FUNCIÓN PENDIENTE","SI","NO EJECUTADO","docs/relaunch/IMPLEMENTATION_STATUS_2026-10-07.md §9; DOC15::ACC-MEM-004","El módulo rector DOC15 está registrado PENDING en el estado de implementación; el comportamiento de este criterio no puede ejecutarse hasta que esa función esté implementada/habilitada. El criterio sigue NO EJECUTADO."
"ACC","15","ACC-MEM-005","BLOQUEADO POR FUNCIÓN PENDIENTE","SI","NO EJECUTADO","docs/relaunch/IMPLEMENTATION_STATUS_2026-10-07.md §9; DOC15::ACC-MEM-005","El módulo rector DOC15 está registrado PENDING en el estado de implementación; el comportamiento de este criterio no puede ejecutarse hasta que esa función esté implementada/habilitada. El criterio sigue NO EJECUTADO."
"ACC","15","ACC-MEM-006","BLOQUEADO POR FUNCIÓN PENDIENTE","SI","NO EJECUTADO","docs/relaunch/IMPLEMENTATION_STATUS_2026-10-07.md §9; DOC15::ACC-MEM-006","El módulo rector DOC15 está registrado PENDING en el estado de implementación; el comportamiento de este criterio no puede ejecutarse hasta que esa función esté implementada/habilitada. El criterio sigue NO EJECUTADO."
"ACC","15","ACC-MEM-007","BLOQUEADO POR FUNCIÓN PENDIENTE","NO","NO EJECUTADO","docs/relaunch/IMPLEMENTATION_STATUS_2026-10-07.md §9; DOC15::ACC-MEM-007","El módulo rector DOC15 está registrado PENDING en el estado de implementación; el comportamiento de este criterio no puede ejecutarse hasta que esa función esté implementada/habilitada. El criterio sigue NO EJECUTADO."
"ACC","15","ACC-MEM-008","BLOQUEADO POR FUNCIÓN PENDIENTE","NO","NO EJECUTADO","docs/relaunch/IMPLEMENTATION_STATUS_2026-10-07.md §9; DOC15::ACC-MEM-008","El módulo rector DOC15 está registrado PENDING en el estado de implementación; el comportamiento de este criterio no puede ejecutarse hasta que esa función esté implementada/habilitada. El criterio sigue NO EJECUTADO."
"ACC","15","ACC-MEM-009","BLOQUEADO POR FUNCIÓN PENDIENTE","NO","NO EJECUTADO","docs/relaunch/IMPLEMENTATION_STATUS_2026-10-07.md §9; DOC15::ACC-MEM-009","El módulo rector DOC15 está registrado PENDING en el estado de implementación; el comportamiento de este criterio no puede ejecutarse hasta que esa función esté implementada/habilitada. El criterio sigue NO EJECUTADO."
"ACC","15","ACC-MEM-010","BLOQUEADO POR FUNCIÓN PENDIENTE","NO","NO EJECUTADO","docs/relaunch/IMPLEMENTATION_STATUS_2026-10-07.md §9; DOC15::ACC-MEM-010","El módulo rector DOC15 está registrado PENDING en el estado de implementación; el comportamiento de este criterio no puede ejecutarse hasta que esa función esté implementada/habilitada. El criterio sigue NO EJECUTADO."
"ACC","15","ACC-MEM-011","BLOQUEADO POR FUNCIÓN PENDIENTE","SI","NO EJECUTADO","docs/relaunch/IMPLEMENTATION_STATUS_2026-10-07.md §9; DOC15::ACC-MEM-011","El módulo rector DOC15 está registrado PENDING en el estado de implementación; el comportamiento de este criterio no puede ejecutarse hasta que esa función esté implementada/habilitada. El criterio sigue NO EJECUTADO."
"ACC","15","ACC-MEM-012","BLOQUEADO POR FUNCIÓN PENDIENTE","SI","NO EJECUTADO","docs/relaunch/IMPLEMENTATION_STATUS_2026-10-07.md §9; DOC15::ACC-MEM-012","El módulo rector DOC15 está registrado PENDING en el estado de implementación; el comportamiento de este criterio no puede ejecutarse hasta que esa función esté implementada/habilitada. El criterio sigue NO EJECUTADO."
"ACC","15","ACC-MEM-013","BLOQUEADO POR FUNCIÓN PENDIENTE","NO","NO EJECUTADO","docs/relaunch/IMPLEMENTATION_STATUS_2026-10-07.md §9; DOC15::ACC-MEM-013","El módulo rector DOC15 está registrado PENDING en el estado de implementación; el comportamiento de este criterio no puede ejecutarse hasta que esa función esté implementada/habilitada. El criterio sigue NO EJECUTADO."
"ACC","15","ACC-MEM-014","BLOQUEADO POR FUNCIÓN PENDIENTE","NO","NO EJECUTADO","docs/relaunch/IMPLEMENTATION_STATUS_2026-10-07.md §9; DOC15::ACC-MEM-014","El módulo rector DOC15 está registrado PENDING en el estado de implementación; el comportamiento de este criterio no puede ejecutarse hasta que esa función esté implementada/habilitada. El criterio sigue NO EJECUTADO."
"ACC","15","ACC-MEM-015","BLOQUEADO POR FUNCIÓN PENDIENTE","NO","NO EJECUTADO","docs/relaunch/IMPLEMENTATION_STATUS_2026-10-07.md §9; DOC15::ACC-MEM-015","El módulo rector DOC15 está registrado PENDING en el estado de implementación; el comportamiento de este criterio no puede ejecutarse hasta que esa función esté implementada/habilitada. El criterio sigue NO EJECUTADO."
"ACC","16","ACC-GOV-001","BLOQUEADO POR FUNCIÓN PENDIENTE","SI","NO EJECUTADO","docs/relaunch/IMPLEMENTATION_STATUS_2026-10-07.md §9; DOC16::ACC-GOV-001","El módulo rector DOC16 está registrado PENDING en el estado de implementación; el comportamiento de este criterio no puede ejecutarse hasta que esa función esté implementada/habilitada. El criterio sigue NO EJECUTADO."
"ACC","16","ACC-GOV-002","BLOQUEADO POR FUNCIÓN PENDIENTE","SI","NO EJECUTADO","docs/relaunch/IMPLEMENTATION_STATUS_2026-10-07.md §9; DOC16::ACC-GOV-002","El módulo rector DOC16 está registrado PENDING en el estado de implementación; el comportamiento de este criterio no puede ejecutarse hasta que esa función esté implementada/habilitada. El criterio sigue NO EJECUTADO."
"ACC","16","ACC-GOV-003","BLOQUEADO POR FUNCIÓN PENDIENTE","SI","NO EJECUTADO","docs/relaunch/IMPLEMENTATION_STATUS_2026-10-07.md §9; DOC16::ACC-GOV-003","El módulo rector DOC16 está registrado PENDING en el estado de implementación; el comportamiento de este criterio no puede ejecutarse hasta que esa función esté implementada/habilitada. El criterio sigue NO EJECUTADO."
"ACC","16","ACC-GOV-004","BLOQUEADO POR FUNCIÓN PENDIENTE","NO","NO EJECUTADO","docs/relaunch/IMPLEMENTATION_STATUS_2026-10-07.md §9; DOC16::ACC-GOV-004","El módulo rector DOC16 está registrado PENDING en el estado de implementación; el comportamiento de este criterio no puede ejecutarse hasta que esa función esté implementada/habilitada. El criterio sigue NO EJECUTADO."
"ACC","16","ACC-GOV-005","BLOQUEADO POR FUNCIÓN PENDIENTE","SI","NO EJECUTADO","docs/relaunch/IMPLEMENTATION_STATUS_2026-10-07.md §9; DOC16::ACC-GOV-005","El módulo rector DOC16 está registrado PENDING en el estado de implementación; el comportamiento de este criterio no puede ejecutarse hasta que esa función esté implementada/habilitada. El criterio sigue NO EJECUTADO."
"ACC","16","ACC-GOV-006","BLOQUEADO POR FUNCIÓN PENDIENTE","SI","NO EJECUTADO","docs/relaunch/IMPLEMENTATION_STATUS_2026-10-07.md §9; DOC16::ACC-GOV-006","El módulo rector DOC16 está registrado PENDING en el estado de implementación; el comportamiento de este criterio no puede ejecutarse hasta que esa función esté implementada/habilitada. El criterio sigue NO EJECUTADO."
"ACC","16","ACC-GOV-007","BLOQUEADO POR FUNCIÓN PENDIENTE","SI","NO EJECUTADO","docs/relaunch/IMPLEMENTATION_STATUS_2026-10-07.md §9; DOC16::ACC-GOV-007","El módulo rector DOC16 está registrado PENDING en el estado de implementación; el comportamiento de este criterio no puede ejecutarse hasta que esa función esté implementada/habilitada. El criterio sigue NO EJECUTADO."
"ACC","16","ACC-GOV-008","BLOQUEADO POR FUNCIÓN PENDIENTE","SI","NO EJECUTADO","docs/relaunch/IMPLEMENTATION_STATUS_2026-10-07.md §9; DOC16::ACC-GOV-008","El módulo rector DOC16 está registrado PENDING en el estado de implementación; el comportamiento de este criterio no puede ejecutarse hasta que esa función esté implementada/habilitada. El criterio sigue NO EJECUTADO."
"ACC","16","ACC-GOV-009","BLOQUEADO POR FUNCIÓN PENDIENTE","SI","NO EJECUTADO","docs/relaunch/IMPLEMENTATION_STATUS_2026-10-07.md §9; DOC16::ACC-GOV-009","El módulo rector DOC16 está registrado PENDING en el estado de implementación; el comportamiento de este criterio no puede ejecutarse hasta que esa función esté implementada/habilitada. El criterio sigue NO EJECUTADO."
"ACC","16","ACC-GOV-010","BLOQUEADO POR FUNCIÓN PENDIENTE","NO","NO EJECUTADO","docs/relaunch/IMPLEMENTATION_STATUS_2026-10-07.md §9; DOC16::ACC-GOV-010","El módulo rector DOC16 está registrado PENDING en el estado de implementación; el comportamiento de este criterio no puede ejecutarse hasta que esa función esté implementada/habilitada. El criterio sigue NO EJECUTADO."
"ACC","16","ACC-GOV-011","BLOQUEADO POR FUNCIÓN PENDIENTE","NO","NO EJECUTADO","docs/relaunch/IMPLEMENTATION_STATUS_2026-10-07.md §9; DOC16::ACC-GOV-011","El módulo rector DOC16 está registrado PENDING en el estado de implementación; el comportamiento de este criterio no puede ejecutarse hasta que esa función esté implementada/habilitada. El criterio sigue NO EJECUTADO."
"ACC","16","ACC-GOV-012","BLOQUEADO POR FUNCIÓN PENDIENTE","SI","NO EJECUTADO","docs/relaunch/IMPLEMENTATION_STATUS_2026-10-07.md §9; DOC16::ACC-GOV-012","El módulo rector DOC16 está registrado PENDING en el estado de implementación; el comportamiento de este criterio no puede ejecutarse hasta que esa función esté implementada/habilitada. El criterio sigue NO EJECUTADO."
"ACC","16","ACC-GOV-013","STAGING","SI","NO EJECUTADO","supabase/tests/financial_ai_boundary_v2.sql; supabase/tests/financial_rls_v2.sql; docs/relaunch/IMPLEMENTATION_STATUS_2026-10-07.md §Checkpoint 03","La autorización financiera antes de contexto/IA está probada localmente; el control en todas las sesiones/API de staging sigue pendiente."
"ACC","16","ACC-GOV-014","BLOQUEADO POR FUNCIÓN PENDIENTE","SI","NO EJECUTADO","docs/relaunch/IMPLEMENTATION_STATUS_2026-10-07.md §9; DOC16::ACC-GOV-014","El módulo rector DOC16 está registrado PENDING en el estado de implementación; el comportamiento de este criterio no puede ejecutarse hasta que esa función esté implementada/habilitada. El criterio sigue NO EJECUTADO."
"ACC","16","ACC-GOV-015","BLOQUEADO POR FUNCIÓN PENDIENTE","NO","NO EJECUTADO","docs/relaunch/IMPLEMENTATION_STATUS_2026-10-07.md §9; DOC16::ACC-GOV-015","El módulo rector DOC16 está registrado PENDING en el estado de implementación; el comportamiento de este criterio no puede ejecutarse hasta que esa función esté implementada/habilitada. El criterio sigue NO EJECUTADO."
"ACC","16","ACC-GOV-016","BLOQUEADO POR FUNCIÓN PENDIENTE","NO","NO EJECUTADO","docs/relaunch/IMPLEMENTATION_STATUS_2026-10-07.md §9; DOC16::ACC-GOV-016","El módulo rector DOC16 está registrado PENDING en el estado de implementación; el comportamiento de este criterio no puede ejecutarse hasta que esa función esté implementada/habilitada. El criterio sigue NO EJECUTADO."
"ACC","16","ACC-GOV-017","BLOQUEADO POR FUNCIÓN PENDIENTE","NO","NO EJECUTADO","docs/relaunch/IMPLEMENTATION_STATUS_2026-10-07.md §9; DOC16::ACC-GOV-017","El módulo rector DOC16 está registrado PENDING en el estado de implementación; el comportamiento de este criterio no puede ejecutarse hasta que esa función esté implementada/habilitada. El criterio sigue NO EJECUTADO."
"ACC","16","ACC-GOV-018","BLOQUEADO POR FUNCIÓN PENDIENTE","SI","NO EJECUTADO","docs/relaunch/IMPLEMENTATION_STATUS_2026-10-07.md §9; DOC16::ACC-GOV-018","El módulo rector DOC16 está registrado PENDING en el estado de implementación; el comportamiento de este criterio no puede ejecutarse hasta que esa función esté implementada/habilitada. El criterio sigue NO EJECUTADO."
"ACC","16","ACC-GOV-019","BLOQUEADO POR FUNCIÓN PENDIENTE","SI","NO EJECUTADO","docs/relaunch/IMPLEMENTATION_STATUS_2026-10-07.md §9; DOC16::ACC-GOV-019","El módulo rector DOC16 está registrado PENDING en el estado de implementación; el comportamiento de este criterio no puede ejecutarse hasta que esa función esté implementada/habilitada. El criterio sigue NO EJECUTADO."
"ACC","16","ACC-GOV-020","BLOQUEADO POR FUNCIÓN PENDIENTE","SI","NO EJECUTADO","docs/relaunch/IMPLEMENTATION_STATUS_2026-10-07.md §9; DOC16::ACC-GOV-020","El módulo rector DOC16 está registrado PENDING en el estado de implementación; el comportamiento de este criterio no puede ejecutarse hasta que esa función esté implementada/habilitada. El criterio sigue NO EJECUTADO."
"ACC","16","ACC-GOV-021","BLOQUEADO POR FUNCIÓN PENDIENTE","SI","NO EJECUTADO","docs/relaunch/IMPLEMENTATION_STATUS_2026-10-07.md §9; DOC16::ACC-GOV-021","El módulo rector DOC16 está registrado PENDING en el estado de implementación; el comportamiento de este criterio no puede ejecutarse hasta que esa función esté implementada/habilitada. El criterio sigue NO EJECUTADO."
"ACC","16","ACC-GOV-022","BLOQUEADO POR FUNCIÓN PENDIENTE","SI","NO EJECUTADO","docs/relaunch/IMPLEMENTATION_STATUS_2026-10-07.md §9; DOC16::ACC-GOV-022","El módulo rector DOC16 está registrado PENDING en el estado de implementación; el comportamiento de este criterio no puede ejecutarse hasta que esa función esté implementada/habilitada. El criterio sigue NO EJECUTADO."
"ACC","16","ACC-GOV-023","BLOQUEADO POR FUNCIÓN PENDIENTE","SI","NO EJECUTADO","docs/relaunch/IMPLEMENTATION_STATUS_2026-10-07.md §9; DOC16::ACC-GOV-023","El módulo rector DOC16 está registrado PENDING en el estado de implementación; el comportamiento de este criterio no puede ejecutarse hasta que esa función esté implementada/habilitada. El criterio sigue NO EJECUTADO."
"ACC","16","ACC-GOV-024","BLOQUEADO POR FUNCIÓN PENDIENTE","SI","NO EJECUTADO","docs/relaunch/IMPLEMENTATION_STATUS_2026-10-07.md §9; DOC16::ACC-GOV-024","El módulo rector DOC16 está registrado PENDING en el estado de implementación; el comportamiento de este criterio no puede ejecutarse hasta que esa función esté implementada/habilitada. El criterio sigue NO EJECUTADO."
"ACC","16","ACC-GOV-025","BLOQUEADO POR FUNCIÓN PENDIENTE","SI","NO EJECUTADO","docs/relaunch/IMPLEMENTATION_STATUS_2026-10-07.md §9; DOC16::ACC-GOV-025","El módulo rector DOC16 está registrado PENDING en el estado de implementación; el comportamiento de este criterio no puede ejecutarse hasta que esa función esté implementada/habilitada. El criterio sigue NO EJECUTADO."
"ACC","16","ACC-GOV-026","BLOQUEADO POR FUNCIÓN PENDIENTE","SI","NO EJECUTADO","docs/relaunch/IMPLEMENTATION_STATUS_2026-10-07.md §9; DOC16::ACC-GOV-026","El módulo rector DOC16 está registrado PENDING en el estado de implementación; el comportamiento de este criterio no puede ejecutarse hasta que esa función esté implementada/habilitada. El criterio sigue NO EJECUTADO."
"ACC","16","ACC-GOV-027","BLOQUEADO POR FUNCIÓN PENDIENTE","SI","NO EJECUTADO","docs/relaunch/IMPLEMENTATION_STATUS_2026-10-07.md §9; DOC16::ACC-GOV-027","El módulo rector DOC16 está registrado PENDING en el estado de implementación; el comportamiento de este criterio no puede ejecutarse hasta que esa función esté implementada/habilitada. El criterio sigue NO EJECUTADO."
"ACC","16","ACC-GOV-028","BLOQUEADO POR FUNCIÓN PENDIENTE","NO","NO EJECUTADO","docs/relaunch/IMPLEMENTATION_STATUS_2026-10-07.md §9; DOC16::ACC-GOV-028","El módulo rector DOC16 está registrado PENDING en el estado de implementación; el comportamiento de este criterio no puede ejecutarse hasta que esa función esté implementada/habilitada. El criterio sigue NO EJECUTADO."
"ACC","16","ACC-GOV-029","BLOQUEADO POR FUNCIÓN PENDIENTE","NO","NO EJECUTADO","docs/relaunch/IMPLEMENTATION_STATUS_2026-10-07.md §9; DOC16::ACC-GOV-029","El módulo rector DOC16 está registrado PENDING en el estado de implementación; el comportamiento de este criterio no puede ejecutarse hasta que esa función esté implementada/habilitada. El criterio sigue NO EJECUTADO."
"ACC","16","ACC-GOV-030","BLOQUEADO POR FUNCIÓN PENDIENTE","SI","NO EJECUTADO","docs/relaunch/IMPLEMENTATION_STATUS_2026-10-07.md §9; DOC16::ACC-GOV-030","El módulo rector DOC16 está registrado PENDING en el estado de implementación; el comportamiento de este criterio no puede ejecutarse hasta que esa función esté implementada/habilitada. El criterio sigue NO EJECUTADO."
"ACC","17","ACC-EVAL-001","BLOQUEADO POR FUNCIÓN PENDIENTE","SI","NO EJECUTADO","docs/relaunch/IMPLEMENTATION_STATUS_2026-10-07.md §9; DOC17::ACC-EVAL-001","El módulo rector DOC17 está registrado PENDING en el estado de implementación; el comportamiento de este criterio no puede ejecutarse hasta que esa función esté implementada/habilitada. El criterio sigue NO EJECUTADO."
"ACC","17","ACC-EVAL-002","BLOQUEADO POR FUNCIÓN PENDIENTE","SI","NO EJECUTADO","docs/relaunch/IMPLEMENTATION_STATUS_2026-10-07.md §9; DOC17::ACC-EVAL-002","El módulo rector DOC17 está registrado PENDING en el estado de implementación; el comportamiento de este criterio no puede ejecutarse hasta que esa función esté implementada/habilitada. El criterio sigue NO EJECUTADO."
"ACC","17","ACC-EVAL-003","BLOQUEADO POR FUNCIÓN PENDIENTE","NO","NO EJECUTADO","docs/relaunch/IMPLEMENTATION_STATUS_2026-10-07.md §9; DOC17::ACC-EVAL-003","El módulo rector DOC17 está registrado PENDING en el estado de implementación; el comportamiento de este criterio no puede ejecutarse hasta que esa función esté implementada/habilitada. El criterio sigue NO EJECUTADO."
"ACC","17","ACC-EVAL-004","CUBIERTO / LISTO PARA EJECUTAR","NO","NO EJECUTADO","supabase/tests/golden_triage_v2.sql; supabase/tests/financial_ai_boundary_v2.sql; docs/relaunch/IMPLEMENTATION_STATUS_2026-10-07.md §Checkpoint 04D","Existe suite versionada y revisión humana local sin proveedor pago; esto respalda disponibilidad de código/revisión, no certifica el resto del módulo de evaluación."
"ACC","17","ACC-EVAL-005","BLOQUEADO POR FUNCIÓN PENDIENTE","SI","NO EJECUTADO","docs/relaunch/IMPLEMENTATION_STATUS_2026-10-07.md §9; DOC17::ACC-EVAL-005","El módulo rector DOC17 está registrado PENDING en el estado de implementación; el comportamiento de este criterio no puede ejecutarse hasta que esa función esté implementada/habilitada. El criterio sigue NO EJECUTADO."
"ACC","17","ACC-EVAL-006","BLOQUEADO POR FUNCIÓN PENDIENTE","NO","NO EJECUTADO","docs/relaunch/IMPLEMENTATION_STATUS_2026-10-07.md §9; DOC17::ACC-EVAL-006","El módulo rector DOC17 está registrado PENDING en el estado de implementación; el comportamiento de este criterio no puede ejecutarse hasta que esa función esté implementada/habilitada. El criterio sigue NO EJECUTADO."
"ACC","17","ACC-EVAL-007","BLOQUEADO POR FUNCIÓN PENDIENTE","SI","NO EJECUTADO","docs/relaunch/IMPLEMENTATION_STATUS_2026-10-07.md §9; DOC17::ACC-EVAL-007","El módulo rector DOC17 está registrado PENDING en el estado de implementación; el comportamiento de este criterio no puede ejecutarse hasta que esa función esté implementada/habilitada. El criterio sigue NO EJECUTADO."
"ACC","17","ACC-EVAL-008","BLOQUEADO POR FUNCIÓN PENDIENTE","SI","NO EJECUTADO","docs/relaunch/IMPLEMENTATION_STATUS_2026-10-07.md §9; DOC17::ACC-EVAL-008","El módulo rector DOC17 está registrado PENDING en el estado de implementación; el comportamiento de este criterio no puede ejecutarse hasta que esa función esté implementada/habilitada. El criterio sigue NO EJECUTADO."
"ACC","17","ACC-EVAL-009","BLOQUEADO POR FUNCIÓN PENDIENTE","SI","NO EJECUTADO","docs/relaunch/IMPLEMENTATION_STATUS_2026-10-07.md §9; DOC17::ACC-EVAL-009","El módulo rector DOC17 está registrado PENDING en el estado de implementación; el comportamiento de este criterio no puede ejecutarse hasta que esa función esté implementada/habilitada. El criterio sigue NO EJECUTADO."
"ACC","17","ACC-EVAL-010","BLOQUEADO POR FUNCIÓN PENDIENTE","SI","NO EJECUTADO","docs/relaunch/IMPLEMENTATION_STATUS_2026-10-07.md §9; DOC17::ACC-EVAL-010","El módulo rector DOC17 está registrado PENDING en el estado de implementación; el comportamiento de este criterio no puede ejecutarse hasta que esa función esté implementada/habilitada. El criterio sigue NO EJECUTADO."
"ACC","17","ACC-EVAL-011","BLOQUEADO POR FUNCIÓN PENDIENTE","SI","NO EJECUTADO","docs/relaunch/IMPLEMENTATION_STATUS_2026-10-07.md §9; DOC17::ACC-EVAL-011","El módulo rector DOC17 está registrado PENDING en el estado de implementación; el comportamiento de este criterio no puede ejecutarse hasta que esa función esté implementada/habilitada. El criterio sigue NO EJECUTADO."
"ACC","17","ACC-EVAL-012","BLOQUEADO POR FUNCIÓN PENDIENTE","NO","NO EJECUTADO","docs/relaunch/IMPLEMENTATION_STATUS_2026-10-07.md §9; DOC17::ACC-EVAL-012","El módulo rector DOC17 está registrado PENDING en el estado de implementación; el comportamiento de este criterio no puede ejecutarse hasta que esa función esté implementada/habilitada. El criterio sigue NO EJECUTADO."
"ACC","17","ACC-EVAL-013","BLOQUEADO POR FUNCIÓN PENDIENTE","NO","NO EJECUTADO","docs/relaunch/IMPLEMENTATION_STATUS_2026-10-07.md §9; DOC17::ACC-EVAL-013","El módulo rector DOC17 está registrado PENDING en el estado de implementación; el comportamiento de este criterio no puede ejecutarse hasta que esa función esté implementada/habilitada. El criterio sigue NO EJECUTADO."
"ACC","17","ACC-EVAL-014","BLOQUEADO POR FUNCIÓN PENDIENTE","NO","NO EJECUTADO","docs/relaunch/IMPLEMENTATION_STATUS_2026-10-07.md §9; DOC17::ACC-EVAL-014","El módulo rector DOC17 está registrado PENDING en el estado de implementación; el comportamiento de este criterio no puede ejecutarse hasta que esa función esté implementada/habilitada. El criterio sigue NO EJECUTADO."
"ACC","17","ACC-EVAL-015","BLOQUEADO POR FUNCIÓN PENDIENTE","NO","NO EJECUTADO","docs/relaunch/IMPLEMENTATION_STATUS_2026-10-07.md §9; DOC17::ACC-EVAL-015","El módulo rector DOC17 está registrado PENDING en el estado de implementación; el comportamiento de este criterio no puede ejecutarse hasta que esa función esté implementada/habilitada. El criterio sigue NO EJECUTADO."
"ACC","17","ACC-EVAL-016","BLOQUEADO POR FUNCIÓN PENDIENTE","NO","NO EJECUTADO","docs/relaunch/IMPLEMENTATION_STATUS_2026-10-07.md §9; DOC17::ACC-EVAL-016","El módulo rector DOC17 está registrado PENDING en el estado de implementación; el comportamiento de este criterio no puede ejecutarse hasta que esa función esté implementada/habilitada. El criterio sigue NO EJECUTADO."
"ACC","17","ACC-EVAL-017","BLOQUEADO POR FUNCIÓN PENDIENTE","SI","NO EJECUTADO","docs/relaunch/IMPLEMENTATION_STATUS_2026-10-07.md §9; DOC17::ACC-EVAL-017","El módulo rector DOC17 está registrado PENDING en el estado de implementación; el comportamiento de este criterio no puede ejecutarse hasta que esa función esté implementada/habilitada. El criterio sigue NO EJECUTADO."
"ACC","17","ACC-EVAL-018","BLOQUEADO POR FUNCIÓN PENDIENTE","SI","NO EJECUTADO","docs/relaunch/IMPLEMENTATION_STATUS_2026-10-07.md §9; DOC17::ACC-EVAL-018","El módulo rector DOC17 está registrado PENDING en el estado de implementación; el comportamiento de este criterio no puede ejecutarse hasta que esa función esté implementada/habilitada. El criterio sigue NO EJECUTADO."
"ACC","17","ACC-EVAL-019","BLOQUEADO POR FUNCIÓN PENDIENTE","SI","NO EJECUTADO","docs/relaunch/IMPLEMENTATION_STATUS_2026-10-07.md §9; DOC17::ACC-EVAL-019","El módulo rector DOC17 está registrado PENDING en el estado de implementación; el comportamiento de este criterio no puede ejecutarse hasta que esa función esté implementada/habilitada. El criterio sigue NO EJECUTADO."
"ACC","17","ACC-EVAL-020","BLOQUEADO POR FUNCIÓN PENDIENTE","NO","NO EJECUTADO","docs/relaunch/IMPLEMENTATION_STATUS_2026-10-07.md §9; DOC17::ACC-EVAL-020","El módulo rector DOC17 está registrado PENDING en el estado de implementación; el comportamiento de este criterio no puede ejecutarse hasta que esa función esté implementada/habilitada. El criterio sigue NO EJECUTADO."
"ACC","17","ACC-EVAL-021","BLOQUEADO POR FUNCIÓN PENDIENTE","SI","NO EJECUTADO","docs/relaunch/IMPLEMENTATION_STATUS_2026-10-07.md §9; DOC17::ACC-EVAL-021","El módulo rector DOC17 está registrado PENDING en el estado de implementación; el comportamiento de este criterio no puede ejecutarse hasta que esa función esté implementada/habilitada. El criterio sigue NO EJECUTADO."
"ACC","17","ACC-EVAL-022","BLOQUEADO POR FUNCIÓN PENDIENTE","SI","NO EJECUTADO","docs/relaunch/IMPLEMENTATION_STATUS_2026-10-07.md §9; DOC17::ACC-EVAL-022","El módulo rector DOC17 está registrado PENDING en el estado de implementación; el comportamiento de este criterio no puede ejecutarse hasta que esa función esté implementada/habilitada. El criterio sigue NO EJECUTADO."
"ACC","17","ACC-EVAL-023","BLOQUEADO POR FUNCIÓN PENDIENTE","SI","NO EJECUTADO","docs/relaunch/IMPLEMENTATION_STATUS_2026-10-07.md §9; DOC17::ACC-EVAL-023","El módulo rector DOC17 está registrado PENDING en el estado de implementación; el comportamiento de este criterio no puede ejecutarse hasta que esa función esté implementada/habilitada. El criterio sigue NO EJECUTADO."
"ACC","17","ACC-EVAL-024","BLOQUEADO POR FUNCIÓN PENDIENTE","NO","NO EJECUTADO","docs/relaunch/IMPLEMENTATION_STATUS_2026-10-07.md §9; DOC17::ACC-EVAL-024","El módulo rector DOC17 está registrado PENDING en el estado de implementación; el comportamiento de este criterio no puede ejecutarse hasta que esa función esté implementada/habilitada. El criterio sigue NO EJECUTADO."
"ACC","17","ACC-EVAL-025","BLOQUEADO POR FUNCIÓN PENDIENTE","SI","NO EJECUTADO","docs/relaunch/IMPLEMENTATION_STATUS_2026-10-07.md §9; DOC17::ACC-EVAL-025","El módulo rector DOC17 está registrado PENDING en el estado de implementación; el comportamiento de este criterio no puede ejecutarse hasta que esa función esté implementada/habilitada. El criterio sigue NO EJECUTADO."
"ACC","17","ACC-EVAL-026","BLOQUEADO POR FUNCIÓN PENDIENTE","NO","NO EJECUTADO","docs/relaunch/IMPLEMENTATION_STATUS_2026-10-07.md §9; DOC17::ACC-EVAL-026","El módulo rector DOC17 está registrado PENDING en el estado de implementación; el comportamiento de este criterio no puede ejecutarse hasta que esa función esté implementada/habilitada. El criterio sigue NO EJECUTADO."
"ACC","17","ACC-EVAL-027","BLOQUEADO POR FUNCIÓN PENDIENTE","NO","NO EJECUTADO","docs/relaunch/IMPLEMENTATION_STATUS_2026-10-07.md §9; DOC17::ACC-EVAL-027","El módulo rector DOC17 está registrado PENDING en el estado de implementación; el comportamiento de este criterio no puede ejecutarse hasta que esa función esté implementada/habilitada. El criterio sigue NO EJECUTADO."
"ACC","17","ACC-EVAL-028","BLOQUEADO POR FUNCIÓN PENDIENTE","NO","NO EJECUTADO","docs/relaunch/IMPLEMENTATION_STATUS_2026-10-07.md §9; DOC17::ACC-EVAL-028","El módulo rector DOC17 está registrado PENDING en el estado de implementación; el comportamiento de este criterio no puede ejecutarse hasta que esa función esté implementada/habilitada. El criterio sigue NO EJECUTADO."
"ACC","17","ACC-EVAL-029","BLOQUEADO POR FUNCIÓN PENDIENTE","SI","NO EJECUTADO","docs/relaunch/IMPLEMENTATION_STATUS_2026-10-07.md §9; DOC17::ACC-EVAL-029","El módulo rector DOC17 está registrado PENDING en el estado de implementación; el comportamiento de este criterio no puede ejecutarse hasta que esa función esté implementada/habilitada. El criterio sigue NO EJECUTADO."
"ACC","17","ACC-EVAL-030","BLOQUEADO POR FUNCIÓN PENDIENTE","NO","NO EJECUTADO","docs/relaunch/IMPLEMENTATION_STATUS_2026-10-07.md §9; DOC17::ACC-EVAL-030","El módulo rector DOC17 está registrado PENDING en el estado de implementación; el comportamiento de este criterio no puede ejecutarse hasta que esa función esté implementada/habilitada. El criterio sigue NO EJECUTADO."
"ACC","17","ACC-EVAL-031","BLOQUEADO POR FUNCIÓN PENDIENTE","SI","NO EJECUTADO","docs/relaunch/IMPLEMENTATION_STATUS_2026-10-07.md §9; DOC17::ACC-EVAL-031","El módulo rector DOC17 está registrado PENDING en el estado de implementación; el comportamiento de este criterio no puede ejecutarse hasta que esa función esté implementada/habilitada. El criterio sigue NO EJECUTADO."
"ACC","17","ACC-EVAL-032","BLOQUEADO POR FUNCIÓN PENDIENTE","SI","NO EJECUTADO","docs/relaunch/IMPLEMENTATION_STATUS_2026-10-07.md §9; DOC17::ACC-EVAL-032","El módulo rector DOC17 está registrado PENDING en el estado de implementación; el comportamiento de este criterio no puede ejecutarse hasta que esa función esté implementada/habilitada. El criterio sigue NO EJECUTADO."
"ACC","17","ACC-EVAL-033","BLOQUEADO POR FUNCIÓN PENDIENTE","NO","NO EJECUTADO","docs/relaunch/IMPLEMENTATION_STATUS_2026-10-07.md §9; DOC17::ACC-EVAL-033","El módulo rector DOC17 está registrado PENDING en el estado de implementación; el comportamiento de este criterio no puede ejecutarse hasta que esa función esté implementada/habilitada. El criterio sigue NO EJECUTADO."
"ACC","17","ACC-EVAL-034","BLOQUEADO POR FUNCIÓN PENDIENTE","NO","NO EJECUTADO","docs/relaunch/IMPLEMENTATION_STATUS_2026-10-07.md §9; DOC17::ACC-EVAL-034","El módulo rector DOC17 está registrado PENDING en el estado de implementación; el comportamiento de este criterio no puede ejecutarse hasta que esa función esté implementada/habilitada. El criterio sigue NO EJECUTADO."
"ACC","17","ACC-EVAL-035","BLOQUEADO POR FUNCIÓN PENDIENTE","NO","NO EJECUTADO","docs/relaunch/IMPLEMENTATION_STATUS_2026-10-07.md §9; DOC17::ACC-EVAL-035","El módulo rector DOC17 está registrado PENDING en el estado de implementación; el comportamiento de este criterio no puede ejecutarse hasta que esa función esté implementada/habilitada. El criterio sigue NO EJECUTADO."
"ACC","17","ACC-EVAL-036","BLOQUEADO POR FUNCIÓN PENDIENTE","NO","NO EJECUTADO","docs/relaunch/IMPLEMENTATION_STATUS_2026-10-07.md §9; DOC17::ACC-EVAL-036","El módulo rector DOC17 está registrado PENDING en el estado de implementación; el comportamiento de este criterio no puede ejecutarse hasta que esa función esté implementada/habilitada. El criterio sigue NO EJECUTADO."
"ACC","17","ACC-EVAL-037","BLOQUEADO POR FUNCIÓN PENDIENTE","NO","NO EJECUTADO","docs/relaunch/IMPLEMENTATION_STATUS_2026-10-07.md §9; DOC17::ACC-EVAL-037","El módulo rector DOC17 está registrado PENDING en el estado de implementación; el comportamiento de este criterio no puede ejecutarse hasta que esa función esté implementada/habilitada. El criterio sigue NO EJECUTADO."
"ACC","17","ACC-EVAL-038","BLOQUEADO POR FUNCIÓN PENDIENTE","NO","NO EJECUTADO","docs/relaunch/IMPLEMENTATION_STATUS_2026-10-07.md §9; DOC17::ACC-EVAL-038","El módulo rector DOC17 está registrado PENDING en el estado de implementación; el comportamiento de este criterio no puede ejecutarse hasta que esa función esté implementada/habilitada. El criterio sigue NO EJECUTADO."
"ACC","17","ACC-EVAL-039","BLOQUEADO POR FUNCIÓN PENDIENTE","NO","NO EJECUTADO","docs/relaunch/IMPLEMENTATION_STATUS_2026-10-07.md §9; DOC17::ACC-EVAL-039","El módulo rector DOC17 está registrado PENDING en el estado de implementación; el comportamiento de este criterio no puede ejecutarse hasta que esa función esté implementada/habilitada. El criterio sigue NO EJECUTADO."
"ACC","17","ACC-EVAL-040","BLOQUEADO POR FUNCIÓN PENDIENTE","NO","NO EJECUTADO","docs/relaunch/IMPLEMENTATION_STATUS_2026-10-07.md §9; DOC17::ACC-EVAL-040","El módulo rector DOC17 está registrado PENDING en el estado de implementación; el comportamiento de este criterio no puede ejecutarse hasta que esa función esté implementada/habilitada. El criterio sigue NO EJECUTADO."
"ACC","17","ACC-EVAL-041","BLOQUEADO POR FUNCIÓN PENDIENTE","SI","NO EJECUTADO","docs/relaunch/IMPLEMENTATION_STATUS_2026-10-07.md §9; DOC17::ACC-EVAL-041","El módulo rector DOC17 está registrado PENDING en el estado de implementación; el comportamiento de este criterio no puede ejecutarse hasta que esa función esté implementada/habilitada. El criterio sigue NO EJECUTADO."
"ACC","17","ACC-EVAL-042","CUBIERTO / LISTO PARA EJECUTAR","NO","NO EJECUTADO","docs/relaunch/FINAL_EVIDENCE_MATRIX_2026-10-08.md; docs/relaunch/IMPLEMENTATION_STATUS_2026-10-07.md","La documentación declara explícitamente que QA/IA no constituye certificación ISO ni conformidad. El criterio queda listo para ejecución formal de gobernanza."
"ACC","18","ACC-OBS-001","BLOQUEADO POR FUNCIÓN PENDIENTE","SI","NO EJECUTADO","docs/relaunch/IMPLEMENTATION_STATUS_2026-10-07.md §9; DOC18::ACC-OBS-001","El módulo rector DOC18 está registrado PENDING en el estado de implementación; el comportamiento de este criterio no puede ejecutarse hasta que esa función esté implementada/habilitada. El criterio sigue NO EJECUTADO."
"ACC","18","ACC-OBS-002","BLOQUEADO POR FUNCIÓN PENDIENTE","SI","NO EJECUTADO","docs/relaunch/IMPLEMENTATION_STATUS_2026-10-07.md §9; DOC18::ACC-OBS-002","El módulo rector DOC18 está registrado PENDING en el estado de implementación; el comportamiento de este criterio no puede ejecutarse hasta que esa función esté implementada/habilitada. El criterio sigue NO EJECUTADO."
"ACC","18","ACC-OBS-003","BLOQUEADO POR FUNCIÓN PENDIENTE","NO","NO EJECUTADO","docs/relaunch/IMPLEMENTATION_STATUS_2026-10-07.md §9; DOC18::ACC-OBS-003","El módulo rector DOC18 está registrado PENDING en el estado de implementación; el comportamiento de este criterio no puede ejecutarse hasta que esa función esté implementada/habilitada. El criterio sigue NO EJECUTADO."
"ACC","18","ACC-OBS-004","BLOQUEADO POR FUNCIÓN PENDIENTE","SI","NO EJECUTADO","docs/relaunch/IMPLEMENTATION_STATUS_2026-10-07.md §9; DOC18::ACC-OBS-004","El módulo rector DOC18 está registrado PENDING en el estado de implementación; el comportamiento de este criterio no puede ejecutarse hasta que esa función esté implementada/habilitada. El criterio sigue NO EJECUTADO."
"ACC","18","ACC-OBS-005","BLOQUEADO POR FUNCIÓN PENDIENTE","NO","NO EJECUTADO","docs/relaunch/IMPLEMENTATION_STATUS_2026-10-07.md §9; DOC18::ACC-OBS-005","El módulo rector DOC18 está registrado PENDING en el estado de implementación; el comportamiento de este criterio no puede ejecutarse hasta que esa función esté implementada/habilitada. El criterio sigue NO EJECUTADO."
"ACC","18","ACC-OBS-006","BLOQUEADO POR FUNCIÓN PENDIENTE","NO","NO EJECUTADO","docs/relaunch/IMPLEMENTATION_STATUS_2026-10-07.md §9; DOC18::ACC-OBS-006","El módulo rector DOC18 está registrado PENDING en el estado de implementación; el comportamiento de este criterio no puede ejecutarse hasta que esa función esté implementada/habilitada. El criterio sigue NO EJECUTADO."
"ACC","18","ACC-OBS-007","BLOQUEADO POR FUNCIÓN PENDIENTE","NO","NO EJECUTADO","docs/relaunch/IMPLEMENTATION_STATUS_2026-10-07.md §9; DOC18::ACC-OBS-007","El módulo rector DOC18 está registrado PENDING en el estado de implementación; el comportamiento de este criterio no puede ejecutarse hasta que esa función esté implementada/habilitada. El criterio sigue NO EJECUTADO."
"ACC","18","ACC-OBS-008","BLOQUEADO POR FUNCIÓN PENDIENTE","SI","NO EJECUTADO","docs/relaunch/IMPLEMENTATION_STATUS_2026-10-07.md §9; DOC18::ACC-OBS-008","El módulo rector DOC18 está registrado PENDING en el estado de implementación; el comportamiento de este criterio no puede ejecutarse hasta que esa función esté implementada/habilitada. El criterio sigue NO EJECUTADO."
"ACC","18","ACC-OBS-009","BLOQUEADO POR FUNCIÓN PENDIENTE","NO","NO EJECUTADO","docs/relaunch/IMPLEMENTATION_STATUS_2026-10-07.md §9; DOC18::ACC-OBS-009","El módulo rector DOC18 está registrado PENDING en el estado de implementación; el comportamiento de este criterio no puede ejecutarse hasta que esa función esté implementada/habilitada. El criterio sigue NO EJECUTADO."
"ACC","18","ACC-OBS-010","BLOQUEADO POR FUNCIÓN PENDIENTE","NO","NO EJECUTADO","docs/relaunch/IMPLEMENTATION_STATUS_2026-10-07.md §9; DOC18::ACC-OBS-010","El módulo rector DOC18 está registrado PENDING en el estado de implementación; el comportamiento de este criterio no puede ejecutarse hasta que esa función esté implementada/habilitada. El criterio sigue NO EJECUTADO."
"ACC","18","ACC-OBS-011","BLOQUEADO POR FUNCIÓN PENDIENTE","SI","NO EJECUTADO","docs/relaunch/IMPLEMENTATION_STATUS_2026-10-07.md §9; DOC18::ACC-OBS-011","El módulo rector DOC18 está registrado PENDING en el estado de implementación; el comportamiento de este criterio no puede ejecutarse hasta que esa función esté implementada/habilitada. El criterio sigue NO EJECUTADO."
"ACC","18","ACC-OBS-012","BLOQUEADO POR FUNCIÓN PENDIENTE","NO","NO EJECUTADO","docs/relaunch/IMPLEMENTATION_STATUS_2026-10-07.md §9; DOC18::ACC-OBS-012","El módulo rector DOC18 está registrado PENDING en el estado de implementación; el comportamiento de este criterio no puede ejecutarse hasta que esa función esté implementada/habilitada. El criterio sigue NO EJECUTADO."
"ACC","18","ACC-OBS-013","BLOQUEADO POR FUNCIÓN PENDIENTE","NO","NO EJECUTADO","docs/relaunch/IMPLEMENTATION_STATUS_2026-10-07.md §9; DOC18::ACC-OBS-013","El módulo rector DOC18 está registrado PENDING en el estado de implementación; el comportamiento de este criterio no puede ejecutarse hasta que esa función esté implementada/habilitada. El criterio sigue NO EJECUTADO."
"ACC","18","ACC-OBS-014","BLOQUEADO POR FUNCIÓN PENDIENTE","SI","NO EJECUTADO","docs/relaunch/IMPLEMENTATION_STATUS_2026-10-07.md §9; DOC18::ACC-OBS-014","El módulo rector DOC18 está registrado PENDING en el estado de implementación; el comportamiento de este criterio no puede ejecutarse hasta que esa función esté implementada/habilitada. El criterio sigue NO EJECUTADO."
"ACC","18","ACC-OBS-015","BLOQUEADO POR FUNCIÓN PENDIENTE","NO","NO EJECUTADO","docs/relaunch/IMPLEMENTATION_STATUS_2026-10-07.md §9; DOC18::ACC-OBS-015","El módulo rector DOC18 está registrado PENDING en el estado de implementación; el comportamiento de este criterio no puede ejecutarse hasta que esa función esté implementada/habilitada. El criterio sigue NO EJECUTADO."
"ACC","18","ACC-OBS-016","BLOQUEADO POR FUNCIÓN PENDIENTE","NO","NO EJECUTADO","docs/relaunch/IMPLEMENTATION_STATUS_2026-10-07.md §9; DOC18::ACC-OBS-016","El módulo rector DOC18 está registrado PENDING en el estado de implementación; el comportamiento de este criterio no puede ejecutarse hasta que esa función esté implementada/habilitada. El criterio sigue NO EJECUTADO."
"ACC","18","ACC-OBS-017","BLOQUEADO POR FUNCIÓN PENDIENTE","SI","NO EJECUTADO","docs/relaunch/IMPLEMENTATION_STATUS_2026-10-07.md §9; DOC18::ACC-OBS-017","El módulo rector DOC18 está registrado PENDING en el estado de implementación; el comportamiento de este criterio no puede ejecutarse hasta que esa función esté implementada/habilitada. El criterio sigue NO EJECUTADO."
"ACC","18","ACC-OBS-018","BLOQUEADO POR FUNCIÓN PENDIENTE","SI","NO EJECUTADO","docs/relaunch/IMPLEMENTATION_STATUS_2026-10-07.md §9; DOC18::ACC-OBS-018","El módulo rector DOC18 está registrado PENDING en el estado de implementación; el comportamiento de este criterio no puede ejecutarse hasta que esa función esté implementada/habilitada. El criterio sigue NO EJECUTADO."
"ACC","18","ACC-OBS-019","BLOQUEADO POR FUNCIÓN PENDIENTE","SI","NO EJECUTADO","docs/relaunch/IMPLEMENTATION_STATUS_2026-10-07.md §9; DOC18::ACC-OBS-019","El módulo rector DOC18 está registrado PENDING en el estado de implementación; el comportamiento de este criterio no puede ejecutarse hasta que esa función esté implementada/habilitada. El criterio sigue NO EJECUTADO."
"ACC","18","ACC-OBS-020","BLOQUEADO POR FUNCIÓN PENDIENTE","SI","NO EJECUTADO","docs/relaunch/IMPLEMENTATION_STATUS_2026-10-07.md §9; DOC18::ACC-OBS-020","El módulo rector DOC18 está registrado PENDING en el estado de implementación; el comportamiento de este criterio no puede ejecutarse hasta que esa función esté implementada/habilitada. El criterio sigue NO EJECUTADO."
"ACC","18","ACC-OBS-021","BLOQUEADO POR FUNCIÓN PENDIENTE","SI","NO EJECUTADO","docs/relaunch/IMPLEMENTATION_STATUS_2026-10-07.md §9; DOC18::ACC-OBS-021","El módulo rector DOC18 está registrado PENDING en el estado de implementación; el comportamiento de este criterio no puede ejecutarse hasta que esa función esté implementada/habilitada. El criterio sigue NO EJECUTADO."
"ACC","18","ACC-OBS-022","BLOQUEADO POR FUNCIÓN PENDIENTE","SI","NO EJECUTADO","docs/relaunch/IMPLEMENTATION_STATUS_2026-10-07.md §9; DOC18::ACC-OBS-022","El módulo rector DOC18 está registrado PENDING en el estado de implementación; el comportamiento de este criterio no puede ejecutarse hasta que esa función esté implementada/habilitada. El criterio sigue NO EJECUTADO."
"ACC","18","ACC-OBS-023","BLOQUEADO POR FUNCIÓN PENDIENTE","SI","NO EJECUTADO","docs/relaunch/IMPLEMENTATION_STATUS_2026-10-07.md §9; DOC18::ACC-OBS-023","El módulo rector DOC18 está registrado PENDING en el estado de implementación; el comportamiento de este criterio no puede ejecutarse hasta que esa función esté implementada/habilitada. El criterio sigue NO EJECUTADO."
"ACC","18","ACC-OBS-024","BLOQUEADO POR FUNCIÓN PENDIENTE","SI","NO EJECUTADO","docs/relaunch/IMPLEMENTATION_STATUS_2026-10-07.md §9; DOC18::ACC-OBS-024","El módulo rector DOC18 está registrado PENDING en el estado de implementación; el comportamiento de este criterio no puede ejecutarse hasta que esa función esté implementada/habilitada. El criterio sigue NO EJECUTADO."
"ACC","18","ACC-OBS-025","BLOQUEADO POR FUNCIÓN PENDIENTE","SI","NO EJECUTADO","docs/relaunch/IMPLEMENTATION_STATUS_2026-10-07.md §9; DOC18::ACC-OBS-025","El módulo rector DOC18 está registrado PENDING en el estado de implementación; el comportamiento de este criterio no puede ejecutarse hasta que esa función esté implementada/habilitada. El criterio sigue NO EJECUTADO."
"ACC","18","ACC-OBS-026","BLOQUEADO POR FUNCIÓN PENDIENTE","SI","NO EJECUTADO","docs/relaunch/IMPLEMENTATION_STATUS_2026-10-07.md §9; DOC18::ACC-OBS-026","El módulo rector DOC18 está registrado PENDING en el estado de implementación; el comportamiento de este criterio no puede ejecutarse hasta que esa función esté implementada/habilitada. El criterio sigue NO EJECUTADO."
"ACC","18","ACC-OBS-027","BLOQUEADO POR FUNCIÓN PENDIENTE","NO","NO EJECUTADO","docs/relaunch/IMPLEMENTATION_STATUS_2026-10-07.md §9; DOC18::ACC-OBS-027","El módulo rector DOC18 está registrado PENDING en el estado de implementación; el comportamiento de este criterio no puede ejecutarse hasta que esa función esté implementada/habilitada. El criterio sigue NO EJECUTADO."
"ACC","18","ACC-OBS-028","BLOQUEADO POR FUNCIÓN PENDIENTE","SI","NO EJECUTADO","docs/relaunch/IMPLEMENTATION_STATUS_2026-10-07.md §9; DOC18::ACC-OBS-028","El módulo rector DOC18 está registrado PENDING en el estado de implementación; el comportamiento de este criterio no puede ejecutarse hasta que esa función esté implementada/habilitada. El criterio sigue NO EJECUTADO."
"ACC","18","ACC-OBS-029","BLOQUEADO POR FUNCIÓN PENDIENTE","SI","NO EJECUTADO","docs/relaunch/IMPLEMENTATION_STATUS_2026-10-07.md §9; DOC18::ACC-OBS-029","El módulo rector DOC18 está registrado PENDING en el estado de implementación; el comportamiento de este criterio no puede ejecutarse hasta que esa función esté implementada/habilitada. El criterio sigue NO EJECUTADO."
"ACC","18","ACC-OBS-030","BLOQUEADO POR FUNCIÓN PENDIENTE","NO","NO EJECUTADO","docs/relaunch/IMPLEMENTATION_STATUS_2026-10-07.md §9; DOC18::ACC-OBS-030","El módulo rector DOC18 está registrado PENDING en el estado de implementación; el comportamiento de este criterio no puede ejecutarse hasta que esa función esté implementada/habilitada. El criterio sigue NO EJECUTADO."
"ACC","18","ACC-OBS-031","BLOQUEADO POR FUNCIÓN PENDIENTE","SI","NO EJECUTADO","docs/relaunch/IMPLEMENTATION_STATUS_2026-10-07.md §9; DOC18::ACC-OBS-031","El módulo rector DOC18 está registrado PENDING en el estado de implementación; el comportamiento de este criterio no puede ejecutarse hasta que esa función esté implementada/habilitada. El criterio sigue NO EJECUTADO."
"ACC","18","ACC-OBS-032","BLOQUEADO POR FUNCIÓN PENDIENTE","SI","NO EJECUTADO","docs/relaunch/IMPLEMENTATION_STATUS_2026-10-07.md §9; DOC18::ACC-OBS-032","El módulo rector DOC18 está registrado PENDING en el estado de implementación; el comportamiento de este criterio no puede ejecutarse hasta que esa función esté implementada/habilitada. El criterio sigue NO EJECUTADO."
"ACC","18","ACC-OBS-033","BLOQUEADO POR FUNCIÓN PENDIENTE","NO","NO EJECUTADO","docs/relaunch/IMPLEMENTATION_STATUS_2026-10-07.md §9; DOC18::ACC-OBS-033","El módulo rector DOC18 está registrado PENDING en el estado de implementación; el comportamiento de este criterio no puede ejecutarse hasta que esa función esté implementada/habilitada. El criterio sigue NO EJECUTADO."
"ACC","18","ACC-OBS-034","BLOQUEADO POR FUNCIÓN PENDIENTE","SI","NO EJECUTADO","docs/relaunch/IMPLEMENTATION_STATUS_2026-10-07.md §9; DOC18::ACC-OBS-034","El módulo rector DOC18 está registrado PENDING en el estado de implementación; el comportamiento de este criterio no puede ejecutarse hasta que esa función esté implementada/habilitada. El criterio sigue NO EJECUTADO."
"ACC","18","ACC-OBS-035","BLOQUEADO POR FUNCIÓN PENDIENTE","NO","NO EJECUTADO","docs/relaunch/IMPLEMENTATION_STATUS_2026-10-07.md §9; DOC18::ACC-OBS-035","El módulo rector DOC18 está registrado PENDING en el estado de implementación; el comportamiento de este criterio no puede ejecutarse hasta que esa función esté implementada/habilitada. El criterio sigue NO EJECUTADO."
"ACC","18","ACC-OBS-036","BLOQUEADO POR FUNCIÓN PENDIENTE","NO","NO EJECUTADO","docs/relaunch/IMPLEMENTATION_STATUS_2026-10-07.md §9; DOC18::ACC-OBS-036","El módulo rector DOC18 está registrado PENDING en el estado de implementación; el comportamiento de este criterio no puede ejecutarse hasta que esa función esté implementada/habilitada. El criterio sigue NO EJECUTADO."
"ACC","18","ACC-OBS-037","BLOQUEADO POR FUNCIÓN PENDIENTE","NO","NO EJECUTADO","docs/relaunch/IMPLEMENTATION_STATUS_2026-10-07.md §9; DOC18::ACC-OBS-037","El módulo rector DOC18 está registrado PENDING en el estado de implementación; el comportamiento de este criterio no puede ejecutarse hasta que esa función esté implementada/habilitada. El criterio sigue NO EJECUTADO."
"ACC","18","ACC-OBS-038","BLOQUEADO POR FUNCIÓN PENDIENTE","NO","NO EJECUTADO","docs/relaunch/IMPLEMENTATION_STATUS_2026-10-07.md §9; DOC18::ACC-OBS-038","El módulo rector DOC18 está registrado PENDING en el estado de implementación; el comportamiento de este criterio no puede ejecutarse hasta que esa función esté implementada/habilitada. El criterio sigue NO EJECUTADO."
"ACC","18","ACC-OBS-039","BLOQUEADO POR FUNCIÓN PENDIENTE","SI","NO EJECUTADO","docs/relaunch/IMPLEMENTATION_STATUS_2026-10-07.md §9; DOC18::ACC-OBS-039","El módulo rector DOC18 está registrado PENDING en el estado de implementación; el comportamiento de este criterio no puede ejecutarse hasta que esa función esté implementada/habilitada. El criterio sigue NO EJECUTADO."
"ACC","18","ACC-OBS-040","BLOQUEADO POR FUNCIÓN PENDIENTE","SI","NO EJECUTADO","docs/relaunch/IMPLEMENTATION_STATUS_2026-10-07.md §9; DOC18::ACC-OBS-040","El módulo rector DOC18 está registrado PENDING en el estado de implementación; el comportamiento de este criterio no puede ejecutarse hasta que esa función esté implementada/habilitada. El criterio sigue NO EJECUTADO."
"ACC","19","ACC-FIN-01","CUBIERTO / LISTO PARA EJECUTAR","NO","NO EJECUTADO","docs/relaunch/COMMERCIAL_FINANCIAL_FLOW_V3_REVIEW.md; docs/relaunch/FINANCE_SUMMARY_REVIEW_2026-10-08.md; supabase/tests/commercial_financial_flow_v3.sql","El resumen/circuito financiero reutiliza Sales/Invoices/Payments existentes y el test recorre una sola cadena; los contratos documentales identifican ese flujo propietario."
"ACC","19","ACC-FIN-02","STAGING","NO","NO EJECUTADO","components/finance/FinanceView.tsx; scripts/relaunch/finance-summary.test.cjs","La vista financiera y resúmenes existen, pero máximo seis tarjetas, corte/cobertura y detalle autorizado requieren validación visual con sesión real."
"ACC","19","ACC-FIN-03","BLOQUEADO POR FUNCIÓN PENDIENTE","NO","NO EJECUTADO","docs/relaunch/IMPLEMENTATION_STATUS_2026-10-07.md §10; DOC19::ACC-FIN-03","El módulo rector DOC19 está registrado PENDING en el estado de implementación; el comportamiento de este criterio no puede ejecutarse hasta que esa función esté implementada/habilitada. El criterio sigue NO EJECUTADO."
"ACC","19","ACC-FIN-04","STAGING","NO","NO EJECUTADO","scripts/relaunch/finance-summary.test.cjs; docs/relaunch/FINANCE_SUMMARY_REVIEW_2026-10-08.md","Hay casos positivos, pagos pendientes/reversados, borradores/anuladas, sobrefacturación y dataset vacío; no está demostrada toda la matriz de faltantes y períodos incompletos. Ejecutar Golden sintético completo."
"ACC","19","ACC-FIN-05","CUBIERTO / LISTO PARA EJECUTAR","NO","NO EJECUTADO","scripts/relaunch/finance-summary.test.cjs; supabase/tests/golden_financial_v2.sql; supabase/tests/commercial_financial_flow_v3.sql","Las pruebas separan vendido/facturado/cobrado y calculan pendientes por entidad/moneda, sin sumar Sale, Invoice y Payment como ingresos independientes."
"ACC","19","ACC-FIN-06","BLOQUEADO POR FUNCIÓN PENDIENTE","NO","NO EJECUTADO","docs/relaunch/IMPLEMENTATION_STATUS_2026-10-07.md §10; DOC19::ACC-FIN-06","El módulo rector DOC19 está registrado PENDING en el estado de implementación; el comportamiento de este criterio no puede ejecutarse hasta que esa función esté implementada/habilitada. El criterio sigue NO EJECUTADO."
"ACC","19","ACC-FIN-07","BLOQUEADO POR FUNCIÓN PENDIENTE","NO","NO EJECUTADO","docs/relaunch/IMPLEMENTATION_STATUS_2026-10-07.md §10; DOC19::ACC-FIN-07","El módulo rector DOC19 está registrado PENDING en el estado de implementación; el comportamiento de este criterio no puede ejecutarse hasta que esa función esté implementada/habilitada. El criterio sigue NO EJECUTADO."
"ACC","19","ACC-FIN-08","BLOQUEADO POR FUNCIÓN PENDIENTE","NO","NO EJECUTADO","docs/relaunch/IMPLEMENTATION_STATUS_2026-10-07.md §10; DOC19::ACC-FIN-08","El módulo rector DOC19 está registrado PENDING en el estado de implementación; el comportamiento de este criterio no puede ejecutarse hasta que esa función esté implementada/habilitada. El criterio sigue NO EJECUTADO."
"ACC","19","ACC-FIN-09","STAGING","NO","NO EJECUTADO","supabase/tests/financial_operations_v2.sql; docs/relaunch/IMPLEMENTATION_STATUS_2026-10-07.md §4","La caja/movimientos está PARTIAL: hay cobros/reconciliación sin duplicados, pero falta cierre integral por cuenta/moneda con saldo inicial, ajustes y saldo final."
"ACC","19","ACC-FIN-10","BLOQUEADO POR FUNCIÓN PENDIENTE","NO","NO EJECUTADO","docs/relaunch/IMPLEMENTATION_STATUS_2026-10-07.md §10; DOC19::ACC-FIN-10","El módulo rector DOC19 está registrado PENDING en el estado de implementación; el comportamiento de este criterio no puede ejecutarse hasta que esa función esté implementada/habilitada. El criterio sigue NO EJECUTADO."
"ACC","19","ACC-FIN-11","BLOQUEADO POR FUNCIÓN PENDIENTE","NO","NO EJECUTADO","docs/relaunch/IMPLEMENTATION_STATUS_2026-10-07.md §10; DOC19::ACC-FIN-11","El módulo rector DOC19 está registrado PENDING en el estado de implementación; el comportamiento de este criterio no puede ejecutarse hasta que esa función esté implementada/habilitada. El criterio sigue NO EJECUTADO."
"ACC","19","ACC-FIN-12","BLOQUEADO POR FUNCIÓN PENDIENTE","NO","NO EJECUTADO","docs/relaunch/IMPLEMENTATION_STATUS_2026-10-07.md §10; DOC19::ACC-FIN-12","El módulo rector DOC19 está registrado PENDING en el estado de implementación; el comportamiento de este criterio no puede ejecutarse hasta que esa función esté implementada/habilitada. El criterio sigue NO EJECUTADO."
"ACC","19","ACC-FIN-13","BLOQUEADO POR FUNCIÓN PENDIENTE","NO","NO EJECUTADO","docs/relaunch/IMPLEMENTATION_STATUS_2026-10-07.md §10; DOC19::ACC-FIN-13","El módulo rector DOC19 está registrado PENDING en el estado de implementación; el comportamiento de este criterio no puede ejecutarse hasta que esa función esté implementada/habilitada. El criterio sigue NO EJECUTADO."
"ACC","19","ACC-FIN-14","BLOQUEADO POR FUNCIÓN PENDIENTE","NO","NO EJECUTADO","docs/relaunch/IMPLEMENTATION_STATUS_2026-10-07.md §10; DOC19::ACC-FIN-14","El módulo rector DOC19 está registrado PENDING en el estado de implementación; el comportamiento de este criterio no puede ejecutarse hasta que esa función esté implementada/habilitada. El criterio sigue NO EJECUTADO."
"ACC","19","ACC-FIN-15","BLOQUEADO POR FUNCIÓN PENDIENTE","NO","NO EJECUTADO","docs/relaunch/IMPLEMENTATION_STATUS_2026-10-07.md §10; DOC19::ACC-FIN-15","El módulo rector DOC19 está registrado PENDING en el estado de implementación; el comportamiento de este criterio no puede ejecutarse hasta que esa función esté implementada/habilitada. El criterio sigue NO EJECUTADO."
"ACC","19","ACC-FIN-16","BLOQUEADO POR FUNCIÓN PENDIENTE","NO","NO EJECUTADO","docs/relaunch/IMPLEMENTATION_STATUS_2026-10-07.md §10; DOC19::ACC-FIN-16","El módulo rector DOC19 está registrado PENDING en el estado de implementación; el comportamiento de este criterio no puede ejecutarse hasta que esa función esté implementada/habilitada. El criterio sigue NO EJECUTADO."
"ACC","19","ACC-FIN-17","BLOQUEADO POR FUNCIÓN PENDIENTE","NO","NO EJECUTADO","docs/relaunch/IMPLEMENTATION_STATUS_2026-10-07.md §10; DOC19::ACC-FIN-17","El módulo rector DOC19 está registrado PENDING en el estado de implementación; el comportamiento de este criterio no puede ejecutarse hasta que esa función esté implementada/habilitada. El criterio sigue NO EJECUTADO."
"ACC","19","ACC-FIN-18","BLOQUEADO POR FUNCIÓN PENDIENTE","NO","NO EJECUTADO","docs/relaunch/IMPLEMENTATION_STATUS_2026-10-07.md §10; DOC19::ACC-FIN-18","El módulo rector DOC19 está registrado PENDING en el estado de implementación; el comportamiento de este criterio no puede ejecutarse hasta que esa función esté implementada/habilitada. El criterio sigue NO EJECUTADO."
"ACC","19","ACC-FIN-19","BLOQUEADO POR FUNCIÓN PENDIENTE","NO","NO EJECUTADO","docs/relaunch/IMPLEMENTATION_STATUS_2026-10-07.md §10; DOC19::ACC-FIN-19","El módulo rector DOC19 está registrado PENDING en el estado de implementación; el comportamiento de este criterio no puede ejecutarse hasta que esa función esté implementada/habilitada. El criterio sigue NO EJECUTADO."
"ACC","19","ACC-FIN-20","BLOQUEADO POR FUNCIÓN PENDIENTE","NO","NO EJECUTADO","docs/relaunch/IMPLEMENTATION_STATUS_2026-10-07.md §10; DOC19::ACC-FIN-20","El módulo rector DOC19 está registrado PENDING en el estado de implementación; el comportamiento de este criterio no puede ejecutarse hasta que esa función esté implementada/habilitada. El criterio sigue NO EJECUTADO."
"ACC","19","ACC-FIN-21","BLOQUEADO POR FUNCIÓN PENDIENTE","NO","NO EJECUTADO","docs/relaunch/IMPLEMENTATION_STATUS_2026-10-07.md §10; DOC19::ACC-FIN-21","El módulo rector DOC19 está registrado PENDING en el estado de implementación; el comportamiento de este criterio no puede ejecutarse hasta que esa función esté implementada/habilitada. El criterio sigue NO EJECUTADO."
"ACC","19","ACC-FIN-22","STAGING","NO","NO EJECUTADO","scripts/relaunch/finance-summary.test.cjs; supabase/tests/commercial_financial_flow_v3.sql; docs/relaunch/IMPLEMENTATION_STATUS_2026-10-07.md §4","Se preservan PYG/USD separadas y pagos de moneda incompatible se rechazan; tasas/versiones/redondeo para PYG/USD/BRL/EUR requieren configuración y validación en staging."
"ACC","19","ACC-FIN-23","CUBIERTO / LISTO PARA EJECUTAR","NO","NO EJECUTADO","supabase/tests/financial_fiscal_snapshot_v3.sql; supabase/tests/commission_policy_snapshot_v3.sql; supabase/tests/fiscal_policy_governance_v3.sql","Las pruebas verifican política determinística, base de comisión sin IVA, snapshots fiscales y de tasa; no usan el LLM para calcular esos importes."
"ACC","19","ACC-FIN-24","BLOQUEADO POR FUNCIÓN PENDIENTE","NO","NO EJECUTADO","docs/relaunch/IMPLEMENTATION_STATUS_2026-10-07.md §10; DOC19::ACC-FIN-24","El módulo rector DOC19 está registrado PENDING en el estado de implementación; el comportamiento de este criterio no puede ejecutarse hasta que esa función esté implementada/habilitada. El criterio sigue NO EJECUTADO."
"ACC","19","ACC-FIN-25","BLOQUEADO POR FUNCIÓN PENDIENTE","NO","NO EJECUTADO","docs/relaunch/IMPLEMENTATION_STATUS_2026-10-07.md §10; DOC19::ACC-FIN-25","El módulo rector DOC19 está registrado PENDING en el estado de implementación; el comportamiento de este criterio no puede ejecutarse hasta que esa función esté implementada/habilitada. El criterio sigue NO EJECUTADO."
"ACC","19","ACC-FIN-26","BLOQUEADO POR FUNCIÓN PENDIENTE","NO","NO EJECUTADO","docs/relaunch/IMPLEMENTATION_STATUS_2026-10-07.md §10; DOC19::ACC-FIN-26","El módulo rector DOC19 está registrado PENDING en el estado de implementación; el comportamiento de este criterio no puede ejecutarse hasta que esa función esté implementada/habilitada. El criterio sigue NO EJECUTADO."
"ACC","19","ACC-FIN-27","BLOQUEADO POR FUNCIÓN PENDIENTE","NO","NO EJECUTADO","docs/relaunch/IMPLEMENTATION_STATUS_2026-10-07.md §10; DOC19::ACC-FIN-27","El módulo rector DOC19 está registrado PENDING en el estado de implementación; el comportamiento de este criterio no puede ejecutarse hasta que esa función esté implementada/habilitada. El criterio sigue NO EJECUTADO."
"ACC","19","ACC-FIN-28","BLOQUEADO POR FUNCIÓN PENDIENTE","NO","NO EJECUTADO","docs/relaunch/IMPLEMENTATION_STATUS_2026-10-07.md §10; DOC19::ACC-FIN-28","El módulo rector DOC19 está registrado PENDING en el estado de implementación; el comportamiento de este criterio no puede ejecutarse hasta que esa función esté implementada/habilitada. El criterio sigue NO EJECUTADO."
"ACC","19","ACC-FIN-29","BLOQUEADO POR FUNCIÓN PENDIENTE","NO","NO EJECUTADO","docs/relaunch/IMPLEMENTATION_STATUS_2026-10-07.md §10; DOC19::ACC-FIN-29","El módulo rector DOC19 está registrado PENDING en el estado de implementación; el comportamiento de este criterio no puede ejecutarse hasta que esa función esté implementada/habilitada. El criterio sigue NO EJECUTADO."
"ACC","19","ACC-FIN-30","BLOQUEADO POR FUNCIÓN PENDIENTE","NO","NO EJECUTADO","docs/relaunch/IMPLEMENTATION_STATUS_2026-10-07.md §10; DOC19::ACC-FIN-30","El módulo rector DOC19 está registrado PENDING en el estado de implementación; el comportamiento de este criterio no puede ejecutarse hasta que esa función esté implementada/habilitada. El criterio sigue NO EJECUTADO."
"ACC","19","ACC-FIN-31","BLOQUEADO POR FUNCIÓN PENDIENTE","NO","NO EJECUTADO","docs/relaunch/IMPLEMENTATION_STATUS_2026-10-07.md §10; DOC19::ACC-FIN-31","El módulo rector DOC19 está registrado PENDING en el estado de implementación; el comportamiento de este criterio no puede ejecutarse hasta que esa función esté implementada/habilitada. El criterio sigue NO EJECUTADO."
"ACC","19","ACC-FIN-32","BLOQUEADO POR FUNCIÓN PENDIENTE","NO","NO EJECUTADO","docs/relaunch/IMPLEMENTATION_STATUS_2026-10-07.md §10; DOC19::ACC-FIN-32","El módulo rector DOC19 está registrado PENDING en el estado de implementación; el comportamiento de este criterio no puede ejecutarse hasta que esa función esté implementada/habilitada. El criterio sigue NO EJECUTADO."
"ACC","19","ACC-FIN-33","BLOQUEADO POR FUNCIÓN PENDIENTE","NO","NO EJECUTADO","docs/relaunch/IMPLEMENTATION_STATUS_2026-10-07.md §10; DOC19::ACC-FIN-33","El módulo rector DOC19 está registrado PENDING en el estado de implementación; el comportamiento de este criterio no puede ejecutarse hasta que esa función esté implementada/habilitada. El criterio sigue NO EJECUTADO."
"ACC","19","ACC-FIN-34","BLOQUEADO POR FUNCIÓN PENDIENTE","NO","NO EJECUTADO","docs/relaunch/IMPLEMENTATION_STATUS_2026-10-07.md §10; DOC19::ACC-FIN-34","El módulo rector DOC19 está registrado PENDING en el estado de implementación; el comportamiento de este criterio no puede ejecutarse hasta que esa función esté implementada/habilitada. El criterio sigue NO EJECUTADO."
"ACC","19","ACC-FIN-35","BLOQUEADO POR FUNCIÓN PENDIENTE","NO","NO EJECUTADO","docs/relaunch/IMPLEMENTATION_STATUS_2026-10-07.md §10; DOC19::ACC-FIN-35","El módulo rector DOC19 está registrado PENDING en el estado de implementación; el comportamiento de este criterio no puede ejecutarse hasta que esa función esté implementada/habilitada. El criterio sigue NO EJECUTADO."
"ACC","19","ACC-FIN-36","BLOQUEADO POR FUNCIÓN PENDIENTE","NO","NO EJECUTADO","docs/relaunch/IMPLEMENTATION_STATUS_2026-10-07.md §10; DOC19::ACC-FIN-36","El módulo rector DOC19 está registrado PENDING en el estado de implementación; el comportamiento de este criterio no puede ejecutarse hasta que esa función esté implementada/habilitada. El criterio sigue NO EJECUTADO."
"ACC","19","ACC-FIN-37","BLOQUEADO POR FUNCIÓN PENDIENTE","NO","NO EJECUTADO","docs/relaunch/IMPLEMENTATION_STATUS_2026-10-07.md §10; DOC19::ACC-FIN-37","El módulo rector DOC19 está registrado PENDING en el estado de implementación; el comportamiento de este criterio no puede ejecutarse hasta que esa función esté implementada/habilitada. El criterio sigue NO EJECUTADO."
"ACC","19","ACC-FIN-38","BLOQUEADO POR FUNCIÓN PENDIENTE","NO","NO EJECUTADO","docs/relaunch/IMPLEMENTATION_STATUS_2026-10-07.md §10; DOC19::ACC-FIN-38","El módulo rector DOC19 está registrado PENDING en el estado de implementación; el comportamiento de este criterio no puede ejecutarse hasta que esa función esté implementada/habilitada. El criterio sigue NO EJECUTADO."
"ACC","19","ACC-FIN-39","BLOQUEADO POR FUNCIÓN PENDIENTE","NO","NO EJECUTADO","docs/relaunch/IMPLEMENTATION_STATUS_2026-10-07.md §10; DOC19::ACC-FIN-39","El módulo rector DOC19 está registrado PENDING en el estado de implementación; el comportamiento de este criterio no puede ejecutarse hasta que esa función esté implementada/habilitada. El criterio sigue NO EJECUTADO."
"ACC","19","ACC-FIN-40","STAGING","NO","NO EJECUTADO","supabase/tests/financial_rls_v2.sql; supabase/tests/storage_portal_isolation_v3.sql; supabase/tests/financial_ai_boundary_v2.sql","Existe evidencia local para RLS financiero, aislamiento Storage y bloqueo previo a IA; el criterio requiere además sesiones/tenants, exportaciones y prompts adversariales en staging."
"ACC","19","ACC-FIN-41","BLOQUEADO POR FUNCIÓN PENDIENTE","NO","NO EJECUTADO","docs/relaunch/IMPLEMENTATION_STATUS_2026-10-07.md §10; DOC19::ACC-FIN-41","El módulo rector DOC19 está registrado PENDING en el estado de implementación; el comportamiento de este criterio no puede ejecutarse hasta que esa función esté implementada/habilitada. El criterio sigue NO EJECUTADO."
"ACC","19","ACC-FIN-42","CUBIERTO / LISTO PARA EJECUTAR","NO","NO EJECUTADO","docs/relaunch/FINAL_EVIDENCE_MATRIX_2026-10-08.md; docs/relaunch/acceptance/source/INVENTARIO_VERSIONES_00_19.csv; scripts/relaunch/migrate-v2-order.sh","Inventario/versiones, runner y gates documentales existen; el caso queda listo para verificar que los gates sigan cerrados antes de release, no se declara ejecutado."
"ACC","19","ACC-FIN-43","BLOQUEADO POR FUNCIÓN PENDIENTE","NO","NO EJECUTADO","docs/relaunch/IMPLEMENTATION_STATUS_2026-10-07.md §10; DOC19::ACC-FIN-43","El módulo rector DOC19 está registrado PENDING en el estado de implementación; el comportamiento de este criterio no puede ejecutarse hasta que esa función esté implementada/habilitada. El criterio sigue NO EJECUTADO."
"ACC","19","ACC-FIN-44","BLOQUEADO POR FUNCIÓN PENDIENTE","NO","NO EJECUTADO","docs/relaunch/IMPLEMENTATION_STATUS_2026-10-07.md §10; DOC19::ACC-FIN-44","El módulo rector DOC19 está registrado PENDING en el estado de implementación; el comportamiento de este criterio no puede ejecutarse hasta que esa función esté implementada/habilitada. El criterio sigue NO EJECUTADO."
"ACC","19","ACC-FIN-45","BLOQUEADO POR FUNCIÓN PENDIENTE","NO","NO EJECUTADO","docs/relaunch/IMPLEMENTATION_STATUS_2026-10-07.md §10; DOC19::ACC-FIN-45","El módulo rector DOC19 está registrado PENDING en el estado de implementación; el comportamiento de este criterio no puede ejecutarse hasta que esa función esté implementada/habilitada. El criterio sigue NO EJECUTADO."
"ACC","19","ACC-FIN-46","BLOQUEADO POR FUNCIÓN PENDIENTE","NO","NO EJECUTADO","docs/relaunch/IMPLEMENTATION_STATUS_2026-10-07.md §10; DOC19::ACC-FIN-46","El módulo rector DOC19 está registrado PENDING en el estado de implementación; el comportamiento de este criterio no puede ejecutarse hasta que esa función esté implementada/habilitada. El criterio sigue NO EJECUTADO."
"ACC","19","ACC-FIN-47","BLOQUEADO POR FUNCIÓN PENDIENTE","NO","NO EJECUTADO","docs/relaunch/IMPLEMENTATION_STATUS_2026-10-07.md §10; DOC19::ACC-FIN-47","El módulo rector DOC19 está registrado PENDING en el estado de implementación; el comportamiento de este criterio no puede ejecutarse hasta que esa función esté implementada/habilitada. El criterio sigue NO EJECUTADO."
"ACC","19","ACC-FIN-48","BLOQUEADO POR FUNCIÓN PENDIENTE","NO","NO EJECUTADO","docs/relaunch/IMPLEMENTATION_STATUS_2026-10-07.md §10; DOC19::ACC-FIN-48","El módulo rector DOC19 está registrado PENDING en el estado de implementación; el comportamiento de este criterio no puede ejecutarse hasta que esa función esté implementada/habilitada. El criterio sigue NO EJECUTADO."
"ACC","19","ACC-FIN-49","BLOQUEADO POR FUNCIÓN PENDIENTE","NO","NO EJECUTADO","docs/relaunch/IMPLEMENTATION_STATUS_2026-10-07.md §10; DOC19::ACC-FIN-49","El módulo rector DOC19 está registrado PENDING en el estado de implementación; el comportamiento de este criterio no puede ejecutarse hasta que esa función esté implementada/habilitada. El criterio sigue NO EJECUTADO."
"ACC","19","ACC-FIN-50","BLOQUEADO POR FUNCIÓN PENDIENTE","NO","NO EJECUTADO","docs/relaunch/IMPLEMENTATION_STATUS_2026-10-07.md §10; DOC19::ACC-FIN-50","El módulo rector DOC19 está registrado PENDING en el estado de implementación; el comportamiento de este criterio no puede ejecutarse hasta que esa función esté implementada/habilitada. El criterio sigue NO EJECUTADO."
"ACC","19","ACC-FIN-51","BLOQUEADO POR FUNCIÓN PENDIENTE","NO","NO EJECUTADO","docs/relaunch/IMPLEMENTATION_STATUS_2026-10-07.md §10; DOC19::ACC-FIN-51","El módulo rector DOC19 está registrado PENDING en el estado de implementación; el comportamiento de este criterio no puede ejecutarse hasta que esa función esté implementada/habilitada. El criterio sigue NO EJECUTADO."
"ACC","19","ACC-FIN-52","BLOQUEADO POR FUNCIÓN PENDIENTE","NO","NO EJECUTADO","docs/relaunch/IMPLEMENTATION_STATUS_2026-10-07.md §10; DOC19::ACC-FIN-52","El módulo rector DOC19 está registrado PENDING en el estado de implementación; el comportamiento de este criterio no puede ejecutarse hasta que esa función esté implementada/habilitada. El criterio sigue NO EJECUTADO."
"ACC","19","ACC-FIN-53","BLOQUEADO POR FUNCIÓN PENDIENTE","NO","NO EJECUTADO","docs/relaunch/IMPLEMENTATION_STATUS_2026-10-07.md §10; DOC19::ACC-FIN-53","El módulo rector DOC19 está registrado PENDING en el estado de implementación; el comportamiento de este criterio no puede ejecutarse hasta que esa función esté implementada/habilitada. El criterio sigue NO EJECUTADO."
"ACC","19","ACC-FIN-54","BLOQUEADO POR FUNCIÓN PENDIENTE","NO","NO EJECUTADO","docs/relaunch/IMPLEMENTATION_STATUS_2026-10-07.md §10; DOC19::ACC-FIN-54","El módulo rector DOC19 está registrado PENDING en el estado de implementación; el comportamiento de este criterio no puede ejecutarse hasta que esa función esté implementada/habilitada. El criterio sigue NO EJECUTADO."
"ACC","19","ACC-FIN-55","BLOQUEADO POR FUNCIÓN PENDIENTE","NO","NO EJECUTADO","docs/relaunch/IMPLEMENTATION_STATUS_2026-10-07.md §10; DOC19::ACC-FIN-55","El módulo rector DOC19 está registrado PENDING en el estado de implementación; el comportamiento de este criterio no puede ejecutarse hasta que esa función esté implementada/habilitada. El criterio sigue NO EJECUTADO."
"ACC","19","ACC-FIN-56","BLOQUEADO POR FUNCIÓN PENDIENTE","NO","NO EJECUTADO","docs/relaunch/IMPLEMENTATION_STATUS_2026-10-07.md §10; DOC19::ACC-FIN-56","El módulo rector DOC19 está registrado PENDING en el estado de implementación; el comportamiento de este criterio no puede ejecutarse hasta que esa función esté implementada/habilitada. El criterio sigue NO EJECUTADO."
"ACC","19","ACC-FIN-57","BLOQUEADO POR FUNCIÓN PENDIENTE","NO","NO EJECUTADO","docs/relaunch/IMPLEMENTATION_STATUS_2026-10-07.md §10; DOC19::ACC-FIN-57","El módulo rector DOC19 está registrado PENDING en el estado de implementación; el comportamiento de este criterio no puede ejecutarse hasta que esa función esté implementada/habilitada. El criterio sigue NO EJECUTADO."
"ACC","19","ACC-FIN-58","BLOQUEADO POR FUNCIÓN PENDIENTE","NO","NO EJECUTADO","docs/relaunch/IMPLEMENTATION_STATUS_2026-10-07.md §10; DOC19::ACC-FIN-58","El módulo rector DOC19 está registrado PENDING en el estado de implementación; el comportamiento de este criterio no puede ejecutarse hasta que esa función esté implementada/habilitada. El criterio sigue NO EJECUTADO."
"ACC","19","ACC-FIN-59","BLOQUEADO POR FUNCIÓN PENDIENTE","NO","NO EJECUTADO","docs/relaunch/IMPLEMENTATION_STATUS_2026-10-07.md §10; DOC19::ACC-FIN-59","El módulo rector DOC19 está registrado PENDING en el estado de implementación; el comportamiento de este criterio no puede ejecutarse hasta que esa función esté implementada/habilitada. El criterio sigue NO EJECUTADO."
"ACC","19","ACC-FIN-60","BLOQUEADO POR FUNCIÓN PENDIENTE","NO","NO EJECUTADO","docs/relaunch/IMPLEMENTATION_STATUS_2026-10-07.md §10; DOC19::ACC-FIN-60","El módulo rector DOC19 está registrado PENDING en el estado de implementación; el comportamiento de este criterio no puede ejecutarse hasta que esa función esté implementada/habilitada. El criterio sigue NO EJECUTADO."
"ACC","19","ACC-FIN-61","BLOQUEADO POR FUNCIÓN PENDIENTE","NO","NO EJECUTADO","docs/relaunch/IMPLEMENTATION_STATUS_2026-10-07.md §10; DOC19::ACC-FIN-61","El módulo rector DOC19 está registrado PENDING en el estado de implementación; el comportamiento de este criterio no puede ejecutarse hasta que esa función esté implementada/habilitada. El criterio sigue NO EJECUTADO."
"ACC","19","ACC-FIN-62","BLOQUEADO POR FUNCIÓN PENDIENTE","NO","NO EJECUTADO","docs/relaunch/IMPLEMENTATION_STATUS_2026-10-07.md §10; DOC19::ACC-FIN-62","El módulo rector DOC19 está registrado PENDING en el estado de implementación; el comportamiento de este criterio no puede ejecutarse hasta que esa función esté implementada/habilitada. El criterio sigue NO EJECUTADO."
"ACC","19","ACC-FIN-63","BLOQUEADO POR FUNCIÓN PENDIENTE","NO","NO EJECUTADO","docs/relaunch/IMPLEMENTATION_STATUS_2026-10-07.md §10; DOC19::ACC-FIN-63","El módulo rector DOC19 está registrado PENDING en el estado de implementación; el comportamiento de este criterio no puede ejecutarse hasta que esa función esté implementada/habilitada. El criterio sigue NO EJECUTADO."
"ACC","19","ACC-FIN-64","BLOQUEADO POR FUNCIÓN PENDIENTE","NO","NO EJECUTADO","docs/relaunch/IMPLEMENTATION_STATUS_2026-10-07.md §10; DOC19::ACC-FIN-64","El módulo rector DOC19 está registrado PENDING en el estado de implementación; el comportamiento de este criterio no puede ejecutarse hasta que esa función esté implementada/habilitada. El criterio sigue NO EJECUTADO."
"ACC","19","ACC-FIN-65","BLOQUEADO POR FUNCIÓN PENDIENTE","NO","NO EJECUTADO","docs/relaunch/IMPLEMENTATION_STATUS_2026-10-07.md §10; DOC19::ACC-FIN-65","El módulo rector DOC19 está registrado PENDING en el estado de implementación; el comportamiento de este criterio no puede ejecutarse hasta que esa función esté implementada/habilitada. El criterio sigue NO EJECUTADO."
"ACC","19","ACC-FIN-66","BLOQUEADO POR FUNCIÓN PENDIENTE","NO","NO EJECUTADO","docs/relaunch/IMPLEMENTATION_STATUS_2026-10-07.md §10; DOC19::ACC-FIN-66","El módulo rector DOC19 está registrado PENDING en el estado de implementación; el comportamiento de este criterio no puede ejecutarse hasta que esa función esté implementada/habilitada. El criterio sigue NO EJECUTADO."
"ACC","19","ACC-FIN-67","BLOQUEADO POR FUNCIÓN PENDIENTE","NO","NO EJECUTADO","docs/relaunch/IMPLEMENTATION_STATUS_2026-10-07.md §10; DOC19::ACC-FIN-67","El módulo rector DOC19 está registrado PENDING en el estado de implementación; el comportamiento de este criterio no puede ejecutarse hasta que esa función esté implementada/habilitada. El criterio sigue NO EJECUTADO."
"IT","P01","IT-01","BLOQUEADO POR FUNCIÓN PENDIENTE","SIN ETIQUETA INDIVIDUAL","NO EJECUTADO","docs/relaunch/IMPLEMENTATION_STATUS_2026-10-07.md; P01","El escenario requiere el comportamiento descrito (Master intenta leer reflexión; falta motivo o segunda persona.) y la función propietaria todavía consta PENDING o no aparece implementada en la evidencia versionada; no se asigna la etiqueta por similitud."
"IT","P01","IT-02","BLOQUEADO POR FUNCIÓN PENDIENTE","SIN ETIQUETA INDIVIDUAL","NO EJECUTADO","docs/relaunch/IMPLEMENTATION_STATUS_2026-10-07.md; P01","El escenario requiere el comportamiento descrito (Correo confirmado hace efecto y devuelve timeout; se reintenta job.) y la función propietaria todavía consta PENDING o no aparece implementada en la evidencia versionada; no se asigna la etiqueta por similitud."
"IT","P01","IT-03","BLOQUEADO POR FUNCIÓN PENDIENTE","SIN ETIQUETA INDIVIDUAL","NO EJECUTADO","docs/relaunch/IMPLEMENTATION_STATUS_2026-10-07.md; P01","El escenario requiere el comportamiento descrito (Run multietapa completa una escritura y falla otra; después se cancela.) y la función propietaria todavía consta PENDING o no aparece implementada en la evidencia versionada; no se asigna la etiqueta por similitud."
"IT","P01","IT-04","BLOQUEADO POR FUNCIÓN PENDIENTE","SIN ETIQUETA INDIVIDUAL","NO EJECUTADO","docs/relaunch/IMPLEMENTATION_STATUS_2026-10-07.md; P01","El escenario requiere el comportamiento descrito (Usuario abre Cómo me estás viendo antes de validar fórmula.) y la función propietaria todavía consta PENDING o no aparece implementada en la evidencia versionada; no se asigna la etiqueta por similitud."
"IT","P01","IT-05","BLOQUEADO POR FUNCIÓN PENDIENTE","SIN ETIQUETA INDIVIDUAL","NO EJECUTADO","docs/relaunch/IMPLEMENTATION_STATUS_2026-10-07.md; P01","El escenario requiere el comportamiento descrito (Se cambia política/version de capability y hay propuesta pendiente.) y la función propietaria todavía consta PENDING o no aparece implementada en la evidencia versionada; no se asigna la etiqueta por similitud."
"IT","P01","IT-06","BLOQUEADO POR FUNCIÓN PENDIENTE","SIN ETIQUETA INDIVIDUAL","NO EJECUTADO","docs/relaunch/IMPLEMENTATION_STATUS_2026-10-07.md; P01","El escenario requiere el comportamiento descrito (Se corrige preferencia/reflexión y se consulta desde DOTS/Memoria.) y la función propietaria todavía consta PENDING o no aparece implementada en la evidencia versionada; no se asigna la etiqueta por similitud."
"IT","P01","IT-07","BLOQUEADO POR FUNCIÓN PENDIENTE","SIN ETIQUETA INDIVIDUAL","NO EJECUTADO","docs/relaunch/IMPLEMENTATION_STATUS_2026-10-07.md; P01","El escenario requiere el comportamiento descrito (Se activa almacenamiento privado sin duración; luego se restaura backup tras eliminación.) y la función propietaria todavía consta PENDING o no aparece implementada en la evidencia versionada; no se asigna la etiqueta por similitud."
"IT","P01","IT-08","BLOQUEADO POR FUNCIÓN PENDIENTE","SIN ETIQUETA INDIVIDUAL","NO EJECUTADO","docs/relaunch/IMPLEMENTATION_STATUS_2026-10-07.md; P01","El escenario requiere el comportamiento descrito (Dataset con completos/parciales/inciertos/espera/bloqueos; dos paneles consultan mismo corte.) y la función propietaria todavía consta PENDING o no aparece implementada en la evidencia versionada; no se asigna la etiqueta por similitud."
"IT","P01","IT-09","BLOQUEADO POR FUNCIÓN PENDIENTE","SIN ETIQUETA INDIVIDUAL","NO EJECUTADO","docs/relaunch/IMPLEMENTATION_STATUS_2026-10-07.md; P01","El escenario requiere el comportamiento descrito (Evaluator global pide conversación privada; telemetría tiene solo IDs.) y la función propietaria todavía consta PENDING o no aparece implementada en la evidencia versionada; no se asigna la etiqueta por similitud."
"IT","P01","IT-10","BLOQUEADO POR FUNCIÓN PENDIENTE","SIN ETIQUETA INDIVIDUAL","NO EJECUTADO","docs/relaunch/IMPLEMENTATION_STATUS_2026-10-07.md; P01","El escenario requiere el comportamiento descrito (Una preparación genera acción y resultado; aparece en Huella, decisión y escenario.) y la función propietaria todavía consta PENDING o no aparece implementada en la evidencia versionada; no se asigna la etiqueta por similitud."
"IT","P01","IT-11","BLOQUEADO POR FUNCIÓN PENDIENTE","SIN ETIQUETA INDIVIDUAL","NO EJECUTADO","docs/relaunch/IMPLEMENTATION_STATUS_2026-10-07.md; P01","El escenario requiere el comportamiento descrito (Faltan tarifa/factura; luego llega factura compartida con otras capacidades.) y la función propietaria todavía consta PENDING o no aparece implementada en la evidencia versionada; no se asigna la etiqueta por similitud."
"IT","P01","IT-12","BLOQUEADO POR FUNCIÓN PENDIENTE","SIN ETIQUETA INDIVIDUAL","NO EJECUTADO","docs/relaunch/IMPLEMENTATION_STATUS_2026-10-07.md; P01","El escenario requiere el comportamiento descrito (Daniel pide a ULi por qué cayó margen y cuál es próxima acción.) y la función propietaria todavía consta PENDING o no aparece implementada en la evidencia versionada; no se asigna la etiqueta por similitud."
"IT","P01","IT-13","BLOQUEADO POR FUNCIÓN PENDIENTE","SIN ETIQUETA INDIVIDUAL","NO EJECUTADO","docs/relaunch/IMPLEMENTATION_STATUS_2026-10-07.md; P01","El escenario requiere el comportamiento descrito (Se guarda escenario, se confirma decisión y se cambia escenario posterior.) y la función propietaria todavía consta PENDING o no aparece implementada en la evidencia versionada; no se asigna la etiqueta por similitud."
"IT","P01","IT-14","BLOQUEADO POR FUNCIÓN PENDIENTE","SIN ETIQUETA INDIVIDUAL","NO EJECUTADO","docs/relaunch/IMPLEMENTATION_STATUS_2026-10-07.md; P01","El escenario requiere el comportamiento descrito (Forecast erróneo y objetivo laboral retrasado; se abre revisión de calidad.) y la función propietaria todavía consta PENDING o no aparece implementada en la evidencia versionada; no se asigna la etiqueta por similitud."
"IT","P01","IT-15","BLOQUEADO POR FUNCIÓN PENDIENTE","SIN ETIQUETA INDIVIDUAL","NO EJECUTADO","docs/relaunch/IMPLEMENTATION_STATUS_2026-10-07.md; P01","El escenario requiere el comportamiento descrito (Tool de reasignación sensible rotulado G3 se invoca con delegación E.) y la función propietaria todavía consta PENDING o no aparece implementada en la evidencia versionada; no se asigna la etiqueta por similitud."
"IT","P01","IT-16","BLOQUEADO POR FUNCIÓN PENDIENTE","SIN ETIQUETA INDIVIDUAL","NO EJECUTADO","docs/relaunch/IMPLEMENTATION_STATUS_2026-10-07.md; P01","El escenario requiere el comportamiento descrito (Job programado prepara informe para correo externo sin aprobación exacta.) y la función propietaria todavía consta PENDING o no aparece implementada en la evidencia versionada; no se asigna la etiqueta por similitud."
"IT","P01","IT-17","BLOQUEADO POR FUNCIÓN PENDIENTE","SIN ETIQUETA INDIVIDUAL","NO EJECUTADO","docs/relaunch/IMPLEMENTATION_STATUS_2026-10-07.md; P01","El escenario requiere el comportamiento descrito (Usuario sin scope intenta nombre de filtro, aggregate, cache, endpoint directo o export.) y la función propietaria todavía consta PENDING o no aparece implementada en la evidencia versionada; no se asigna la etiqueta por similitud."
"IT","P01","IT-18","BLOQUEADO POR FUNCIÓN PENDIENTE","SIN ETIQUETA INDIVIDUAL","NO EJECUTADO","docs/relaunch/IMPLEMENTATION_STATUS_2026-10-07.md; P01","Agrupación/deduplicación de incidente y ACK separado de resolución no están probados por Golden Radar; el caso depende de Situación/Triage pendiente."
"IT","P01","IT-19","BLOQUEADO POR FUNCIÓN PENDIENTE","SIN ETIQUETA INDIVIDUAL","NO EJECUTADO","docs/relaunch/IMPLEMENTATION_STATUS_2026-10-07.md; P01","El escenario requiere el comportamiento descrito (Voz interpreta mal moneda/destinatario; navegador no reconoce español.) y la función propietaria todavía consta PENDING o no aparece implementada en la evidencia versionada; no se asigna la etiqueta por similitud."
"IT","P01","IT-20","CUBIERTO / LISTO PARA EJECUTAR","SIN ETIQUETA INDIVIDUAL","NO EJECUTADO","scripts/relaunch/migrate-v2-order.sh; docs/relaunch/acceptance/source/INVENTARIO_VERSIONES_00_19.csv; docs/relaunch/acceptance/source/REGISTRO_CRITERIOS_00_19.csv","El runner fija orden y detiene ante fallo; inventario/registro conservan versión, hash y clave DOC. Esto permite ejecutar el gate documental, no marca caso ejecutado."
"IT","P01","IT-21","BLOQUEADO POR FUNCIÓN PENDIENTE","SIN ETIQUETA INDIVIDUAL","NO EJECUTADO","docs/relaunch/IMPLEMENTATION_STATUS_2026-10-07.md; P01","El escenario requiere el comportamiento descrito (Modelo o exporter opcional cae; falla también registro obligatorio antes de efecto sensible.) y la función propietaria todavía consta PENDING o no aparece implementada en la evidencia versionada; no se asigna la etiqueta por similitud."
"IT","P01","IT-22","BLOQUEADO POR FUNCIÓN PENDIENTE","SIN ETIQUETA INDIVIDUAL","NO EJECUTADO","docs/relaunch/IMPLEMENTATION_STATUS_2026-10-07.md; P01","El escenario requiere el comportamiento descrito (Ticket/documento/log incluye instrucción para extraer secretos o llamar tool no permitida.) y la función propietaria todavía consta PENDING o no aparece implementada en la evidencia versionada; no se asigna la etiqueta por similitud."
"IT","P01","IT-23","BLOQUEADO POR FUNCIÓN PENDIENTE","SIN ETIQUETA INDIVIDUAL","NO EJECUTADO","docs/relaunch/IMPLEMENTATION_STATUS_2026-10-07.md; P01","El escenario requiere el comportamiento descrito (Briefing elegible no empieza; colector también deja de recibir eventos.) y la función propietaria todavía consta PENDING o no aparece implementada en la evidencia versionada; no se asigna la etiqueta por similitud."
"IT","P01","IT-24","BLOQUEADO POR FUNCIÓN PENDIENTE","SIN ETIQUETA INDIVIDUAL","NO EJECUTADO","docs/relaunch/IMPLEMENTATION_STATUS_2026-10-07.md; P01","El escenario requiere el comportamiento descrito (Kill switch durante envío; luego reactivación con aprobación vencida.) y la función propietaria todavía consta PENDING o no aparece implementada en la evidencia versionada; no se asigna la etiqueta por similitud."
"INT","P02","INT-01","CUBIERTO / LISTO PARA EJECUTAR","SIN ETIQUETA INDIVIDUAL","NO EJECUTADO","docs/relaunch/acceptance/source/INVENTARIO_VERSIONES_00_19.csv; docs/relaunch/acceptance/WORKING_CRITERIOS_00_19.csv","La referencia al módulo 19 resuelve al inventario y clave DOC19; comprobación documental directa."
"INT","P02","INT-02","STAGING","SIN ETIQUETA INDIVIDUAL","NO EJECUTADO","supabase/tests/security_rls_v3.sql; supabase/tests/financial_rls_v2.sql; supabase/tests/financial_ai_boundary_v2.sql; supabase/tests/financial_ai_boundary_v2.sql","La denegación de margen está probada localmente; el permiso de monto propio con scope comercial requiere usuario/sesión Supabase real y endpoint en staging."
"INT","P02","INT-03","BLOQUEADO POR FUNCIÓN PENDIENTE","SIN ETIQUETA INDIVIDUAL","NO EJECUTADO","docs/relaunch/IMPLEMENTATION_STATUS_2026-10-07.md; DOC12::ACC-DOTS-003; DOC13::ACC-DOTS-019","El escenario requiere el comportamiento descrito (Reflexión privada dice una fortaleza; supervisor solicita perfil y coaching.) y la función propietaria todavía consta PENDING o no aparece implementada en la evidencia versionada; no se asigna la etiqueta por similitud."
"INT","P02","INT-04","BLOQUEADO POR FUNCIÓN PENDIENTE","SIN ETIQUETA INDIVIDUAL","NO EJECUTADO","docs/relaunch/IMPLEMENTATION_STATUS_2026-10-07.md; DOC12::ACC-USER-001/007; DOC16::ACC-GOV-003","El caso combina gestión de usuario real y autorización F; las pruebas locales solo cubren permisos DB, mientras el flujo Auth/UI y gobernanza de DOC16 están pendientes."
"INT","P02","INT-05","BLOQUEADO POR FUNCIÓN PENDIENTE","SIN ETIQUETA INDIVIDUAL","NO EJECUTADO","docs/relaunch/IMPLEMENTATION_STATUS_2026-10-07.md; DOC12::ACC-RAD-003; DOC16::ACC-GOV-003; P01 IT-16","El escenario requiere el comportamiento descrito (Regla Radar vigente prepara aviso determinístico; ULi intenta agregar texto/destinatario externo.) y la función propietaria todavía consta PENDING o no aparece implementada en la evidencia versionada; no se asigna la etiqueta por similitud."
"INT","P02","INT-06","BLOQUEADO POR FUNCIÓN PENDIENTE","SIN ETIQUETA INDIVIDUAL","NO EJECUTADO","docs/relaunch/IMPLEMENTATION_STATUS_2026-10-07.md; DOC12::ACC-BI-001/008; DOC19::ACC-FIN-24/28/33/34","El escenario requiere el comportamiento descrito (Mismo KPI financiero/corte abierto desde BI, 19 y PDF de ULi.) y la función propietaria todavía consta PENDING o no aparece implementada en la evidencia versionada; no se asigna la etiqueta por similitud."
"INT","P02","INT-07","BLOQUEADO POR FUNCIÓN PENDIENTE","SIN ETIQUETA INDIVIDUAL","NO EJECUTADO","docs/relaunch/IMPLEMENTATION_STATUS_2026-10-07.md; DOC12::ACC-SALE-001/002/012/013; DOC19::ACC-FIN-05/06","El circuito venta/factura/cobro está probado, pero activar relación Cliente por condición económica y conservar una sola Sale no está implementado/demostrado; la migración declara ciclos independientes."
"INT","P02","INT-08","BLOQUEADO POR FUNCIÓN PENDIENTE","SIN ETIQUETA INDIVIDUAL","NO EJECUTADO","docs/relaunch/IMPLEMENTATION_STATUS_2026-10-07.md; DOC12::ACC-FIN-001; DOC19::ACC-FIN-07/09/12/13","El escenario requiere el comportamiento descrito (Cobro parcial aparece en 08 y extracto importado dos veces en 19.) y la función propietaria todavía consta PENDING o no aparece implementada en la evidencia versionada; no se asigna la etiqueta por similitud."
"INT","P02","INT-09","CUBIERTO / LISTO PARA EJECUTAR","SIN ETIQUETA INDIVIDUAL","NO EJECUTADO","supabase/tests/commission_policy_snapshot_v3.sql; supabase/tests/financial_fiscal_snapshot_v3.sql; supabase/tests/fiscal_policy_governance_v3.sql; supabase/tests/commercial_financial_flow_v3.sql","Las pruebas reproducen base 10M sin IVA, cambio 5→7% con snapshot histórico y USD sin inferir impuesto por moneda."
"INT","P02","INT-10","BLOQUEADO POR FUNCIÓN PENDIENTE","SIN ETIQUETA INDIVIDUAL","NO EJECUTADO","docs/relaunch/IMPLEMENTATION_STATUS_2026-10-07.md; DOC12::ACC-TASK-001; DOC12::ACC-TICKET-006; P01 IT-03/18","El escenario requiere el comportamiento descrito (Run incierto crea Tarea vinculada a Ticket; alerta se reconoce.) y la función propietaria todavía consta PENDING o no aparece implementada en la evidencia versionada; no se asigna la etiqueta por similitud."
"INT","P02","INT-11","CUBIERTO / LISTO PARA EJECUTAR","SIN ETIQUETA INDIVIDUAL","NO EJECUTADO","docs/relaunch/acceptance/source/REGISTRO_CRITERIOS_00_19.csv; docs/relaunch/acceptance/WORKING_CRITERIOS_00_19.csv","El registro usa claves DOC12::ACC-FIN-001 y DOC19::ACC-FIN-01, preservando ambos IDs sin colisión."
"INT","P02","INT-12","BLOQUEADO POR FUNCIÓN PENDIENTE","SIN ETIQUETA INDIVIDUAL","NO EJECUTADO","docs/relaunch/IMPLEMENTATION_STATUS_2026-10-07.md; DOC12::ACC-FIN-008; DOC19::ACC-FIN-05/24","El escenario requiere el comportamiento descrito (Golden Dataset base se consulta desde BI y 19, con servicio 700.000/mes.) y la función propietaria todavía consta PENDING o no aparece implementada en la evidencia versionada; no se asigna la etiqueta por similitud."
"INT","P02","INT-13","BLOQUEADO POR FUNCIÓN PENDIENTE","SIN ETIQUETA INDIVIDUAL","NO EJECUTADO","docs/relaunch/IMPLEMENTATION_STATUS_2026-10-07.md; DOC19::ACC-FIN-38/39/42; P01 IT-14","El escenario requiere el comportamiento descrito (Sin contrato RRHH/calidad, alguien pide evaluación o cerrar acción empresarial desde 17.) y la función propietaria todavía consta PENDING o no aparece implementada en la evidencia versionada; no se asigna la etiqueta por similitud."
"INT","P02","INT-14","BLOQUEADO POR FUNCIÓN PENDIENTE","SIN ETIQUETA INDIVIDUAL","NO EJECUTADO","docs/relaunch/IMPLEMENTATION_STATUS_2026-10-07.md; DOC12::ACC-SEC-006/007; DOC19::ACC-FIN-35/36/43","El escenario requiere el comportamiento descrito (Revocar acceso después de guardar vista, generar PDF y programar comunicado.) y la función propietaria todavía consta PENDING o no aparece implementada en la evidencia versionada; no se asigna la etiqueta por similitud."
"INT","P02","INT-15","BLOQUEADO POR FUNCIÓN PENDIENTE","SIN ETIQUETA INDIVIDUAL","NO EJECUTADO","docs/relaunch/IMPLEMENTATION_STATUS_2026-10-07.md; DOC12::ACC-RAD-006; DOC12::ACC-BI-004; P01 IT-04/14","El escenario requiere el comportamiento descrito (Carga futura y forecast sin suficientes horas/histórico; score no validado.) y la función propietaria todavía consta PENDING o no aparece implementada en la evidencia versionada; no se asigna la etiqueta por similitud."
"INT","P02","INT-16","CUBIERTO / LISTO PARA EJECUTAR","SIN ETIQUETA INDIVIDUAL","NO EJECUTADO","docs/relaunch/FINAL_EVIDENCE_MATRIX_2026-10-08.md; docs/relaunch/IMPLEMENTATION_STATUS_2026-10-07.md; docs/relaunch/acceptance/WORKING_CRITERIOS_00_19.csv","El paquete conserva NO EJECUTADO/release_aprobado=NO mientras faltan resultados y gates; evidencia de proceso, caso aún pendiente de ejecución formal."
